lat,lon,z(m),wind_speed,wind_dir,date,name
-29.915015,-71.242214,10.0,1.205589080646,253.62924934381002,2018-03-15 00:00:00,ceaza
-29.915015,-71.242214,10.0,1.925977634744,285.050525985829,2018-03-15 01:00:00,ceaza
-29.915015,-71.242214,10.0,1.668959886924,343.899267218438,2018-03-15 02:00:00,ceaza
-29.915015,-71.242214,10.0,1.259538983291,2.672580222697,2018-03-15 03:00:00,ceaza
-29.915015,-71.242214,10.0,0.839596876535,7.571857393721,2018-03-15 04:00:00,ceaza
-29.915015,-71.242214,10.0,0.710317165789,11.638008010353,2018-03-15 05:00:00,ceaza
-29.915015,-71.242214,10.0,0.8191574747020001,27.641725080127,2018-03-15 06:00:00,ceaza
-29.915015,-71.242214,10.0,0.887984555,14.483269264407001,2018-03-15 07:00:00,ceaza
-29.915015,-71.242214,10.0,0.870366112838,16.241569075086,2018-03-15 08:00:00,ceaza
-29.915015,-71.242214,10.0,0.640976244616,22.109917855993,2018-03-15 09:00:00,ceaza
-29.915015,-71.242214,10.0,0.406899484678,11.818398470953,2018-03-15 10:00:00,ceaza
-29.915015,-71.242214,10.0,0.252519099492,310.86827209695304,2018-03-15 11:00:00,ceaza
-29.915015,-71.242214,10.0,0.535351964371,286.37006184033,2018-03-15 12:00:00,ceaza
-29.915015,-71.242214,10.0,1.142320072704,288.986963931105,2018-03-15 13:00:00,ceaza
-29.915015,-71.242214,10.0,1.643879161965,282.439304630043,2018-03-15 14:00:00,ceaza
-29.915015,-71.242214,10.0,1.996005776106,283.979348446903,2018-03-15 15:00:00,ceaza
-29.915015,-71.242214,10.0,2.21731420997,283.242807660972,2018-03-15 16:00:00,ceaza
-29.915015,-71.242214,10.0,2.344908649436,285.02547866116197,2018-03-15 17:00:00,ceaza
-29.915015,-71.242214,10.0,2.571903201624,283.317236785828,2018-03-15 18:00:00,ceaza
-29.915015,-71.242214,10.0,2.589473345162,284.535913570072,2018-03-15 19:00:00,ceaza
-29.915015,-71.242214,10.0,2.504309340246,286.939851951391,2018-03-15 20:00:00,ceaza
-29.915015,-71.242214,10.0,2.3055258643200003,289.398190701626,2018-03-15 21:00:00,ceaza
-29.915015,-71.242214,10.0,2.001484053837,301.05887883521,2018-03-15 22:00:00,ceaza
-29.915015,-71.242214,10.0,1.748619025697,327.980126104868,2018-03-15 23:00:00,ceaza
-29.915015,-71.242214,10.0,1.508179811958,346.70932786130095,2018-03-16 00:00:00,ceaza
-29.915015,-71.242214,10.0,1.195822365324,0.7680882237569999,2018-03-16 01:00:00,ceaza
-29.915015,-71.242214,10.0,0.965482413885,9.328225326105,2018-03-16 02:00:00,ceaza
-29.915015,-71.242214,10.0,0.7482701663779999,9.461335341294,2018-03-16 03:00:00,ceaza
-29.915015,-71.242214,10.0,0.5237357411219999,347.587197142222,2018-03-16 04:00:00,ceaza
-29.915015,-71.242214,10.0,0.6177030558250001,352.953611894363,2018-03-16 05:00:00,ceaza
-29.915015,-71.242214,10.0,0.77024038511,6.683152927249,2018-03-16 06:00:00,ceaza
-29.915015,-71.242214,10.0,0.738739565573,4.372996139954,2018-03-16 07:00:00,ceaza
-29.915015,-71.242214,10.0,0.637630352907,8.169321424794001,2018-03-16 08:00:00,ceaza
-29.915015,-71.242214,10.0,0.662957793161,19.234498419738,2018-03-16 09:00:00,ceaza
-29.915015,-71.242214,10.0,0.7469684026279999,25.088724178249997,2018-03-16 10:00:00,ceaza
-29.915015,-71.242214,10.0,0.819023333451,26.300740085268,2018-03-16 11:00:00,ceaza
-29.915015,-71.242214,10.0,0.910435178933,1.125807081887,2018-03-16 12:00:00,ceaza
-29.915015,-71.242214,10.0,1.058592249813,323.414428902319,2018-03-16 13:00:00,ceaza
-29.915015,-71.242214,10.0,1.5186042263080002,290.698567653403,2018-03-16 14:00:00,ceaza
-29.915015,-71.242214,10.0,1.968136158264,282.90435057932,2018-03-16 15:00:00,ceaza
-29.915015,-71.242214,10.0,2.279595054702,281.837602178917,2018-03-16 16:00:00,ceaza
-29.915015,-71.242214,10.0,2.457845508056,282.55516984223203,2018-03-16 17:00:00,ceaza
-29.915015,-71.242214,10.0,2.57371761088,280.993831329038,2018-03-16 18:00:00,ceaza
-29.915015,-71.242214,10.0,2.508363125796,281.315979585705,2018-03-16 19:00:00,ceaza
-29.915015,-71.242214,10.0,2.501989741708,281.158601288593,2018-03-16 20:00:00,ceaza
-29.915015,-71.242214,10.0,2.359406227159,281.534303295739,2018-03-16 21:00:00,ceaza
-29.915015,-71.242214,10.0,2.086446182826,284.817583558314,2018-03-16 22:00:00,ceaza
-29.915015,-71.242214,10.0,1.807341361873,293.261050207633,2018-03-16 23:00:00,ceaza
-29.915015,-71.242214,10.0,1.475871344827,308.191248818727,2018-03-17 00:00:00,ceaza
-29.915015,-71.242214,10.0,1.327770619461,336.38884956594103,2018-03-17 01:00:00,ceaza
-29.915015,-71.242214,10.0,1.287232550918,2.38515686801,2018-03-17 02:00:00,ceaza
-29.915015,-71.242214,10.0,1.158939914782,19.073801074363,2018-03-17 03:00:00,ceaza
-29.915015,-71.242214,10.0,0.946543330945,28.515123778994997,2018-03-17 04:00:00,ceaza
-29.915015,-71.242214,10.0,0.833462503969,44.719117834364994,2018-03-17 05:00:00,ceaza
-29.915015,-71.242214,10.0,0.833132960998,46.107258071046,2018-03-17 06:00:00,ceaza
-29.915015,-71.242214,10.0,0.749445382437,43.450026379526996,2018-03-17 07:00:00,ceaza
-29.915015,-71.242214,10.0,0.761774900305,40.770732149357,2018-03-17 08:00:00,ceaza
-29.915015,-71.242214,10.0,0.734758851123,40.486146517251,2018-03-17 09:00:00,ceaza
-29.915015,-71.242214,10.0,0.7380389846709999,35.957135913025,2018-03-17 10:00:00,ceaza
-29.915015,-71.242214,10.0,0.650051456257,26.118696111014,2018-03-17 11:00:00,ceaza
-29.915015,-71.242214,10.0,0.500021241975,6.903186355319001,2018-03-17 12:00:00,ceaza
-29.915015,-71.242214,10.0,0.872596869773,306.003773289054,2018-03-17 13:00:00,ceaza
-29.915015,-71.242214,10.0,1.53040386993,286.995059593201,2018-03-17 14:00:00,ceaza
-29.915015,-71.242214,10.0,2.170083933844,281.540579734279,2018-03-17 15:00:00,ceaza
-29.915015,-71.242214,10.0,2.626984680012,279.81692987310197,2018-03-17 16:00:00,ceaza
-29.915015,-71.242214,10.0,2.967368469837,279.763907448478,2018-03-17 17:00:00,ceaza
-29.915015,-71.242214,10.0,3.319076930181,278.844792797713,2018-03-17 18:00:00,ceaza
-29.915015,-71.242214,10.0,3.397574656698,282.512146139538,2018-03-17 19:00:00,ceaza
-29.915015,-71.242214,10.0,3.335162300575,287.078798807361,2018-03-17 20:00:00,ceaza
-29.915015,-71.242214,10.0,3.125562043136,298.799699859841,2018-03-17 21:00:00,ceaza
-29.915015,-71.242214,10.0,2.775816050262,310.522552407231,2018-03-17 22:00:00,ceaza
-29.915015,-71.242214,10.0,2.282867719536,325.722111997201,2018-03-17 23:00:00,ceaza
-29.915015,-71.242214,10.0,1.736958045027,344.27142023167,2018-03-18 00:00:00,ceaza
-29.915015,-71.242214,10.0,1.37765437662,15.218792352469,2018-03-18 01:00:00,ceaza
-29.915015,-71.242214,10.0,0.871454063091,23.859834483695998,2018-03-18 02:00:00,ceaza
-29.915015,-71.242214,10.0,0.457756567241,7.955916814507001,2018-03-18 03:00:00,ceaza
-29.915015,-71.242214,10.0,0.320001660572,29.819625272802,2018-03-18 04:00:00,ceaza
-29.915015,-71.242214,10.0,0.456578561223,41.577415282165,2018-03-18 05:00:00,ceaza
-29.915015,-71.242214,10.0,0.880769577313,23.256249215022002,2018-03-18 06:00:00,ceaza
-29.915015,-71.242214,10.0,0.949142495497,39.732771458548,2018-03-18 07:00:00,ceaza
-29.915015,-71.242214,10.0,1.079196496308,58.867033773866,2018-03-18 08:00:00,ceaza
-29.915015,-71.242214,10.0,1.132694964686,66.671214447142,2018-03-18 09:00:00,ceaza
-29.915015,-71.242214,10.0,1.180359443929,72.498754699763,2018-03-18 10:00:00,ceaza
-29.915015,-71.242214,10.0,1.157137844414,74.048192373202,2018-03-18 11:00:00,ceaza
-29.915015,-71.242214,10.0,0.635191417227,59.47710347619501,2018-03-18 12:00:00,ceaza
-29.915015,-71.242214,10.0,0.7363495277940001,319.75339708661096,2018-03-18 13:00:00,ceaza
-29.915015,-71.242214,10.0,1.466623513621,291.73961748532,2018-03-18 14:00:00,ceaza
-29.915015,-71.242214,10.0,2.0617912404400003,287.234034575462,2018-03-18 15:00:00,ceaza
-29.915015,-71.242214,10.0,2.483602555708,283.716899683223,2018-03-18 16:00:00,ceaza
-29.915015,-71.242214,10.0,2.669189353019,289.237001048097,2018-03-18 17:00:00,ceaza
-29.915015,-71.242214,10.0,3.010506625095,284.211345114589,2018-03-18 18:00:00,ceaza
-29.915015,-71.242214,10.0,3.216253178176,280.574904787413,2018-03-18 19:00:00,ceaza
-29.915015,-71.242214,10.0,3.237245516239,281.544998559583,2018-03-18 20:00:00,ceaza
-29.915015,-71.242214,10.0,2.896232318804,284.546878353004,2018-03-18 21:00:00,ceaza
-29.915015,-71.242214,10.0,2.590612335488,294.19101020683604,2018-03-18 22:00:00,ceaza
-29.915015,-71.242214,10.0,2.192590975713,320.044668951972,2018-03-18 23:00:00,ceaza
-29.915015,-71.242214,10.0,2.026315581257,346.488701647034,2018-03-19 00:00:00,ceaza
-29.915015,-71.242214,10.0,1.718349009159,6.900758782676,2018-03-19 01:00:00,ceaza
-29.915015,-71.242214,10.0,1.449428958534,12.547915052462999,2018-03-19 02:00:00,ceaza
-29.915015,-71.242214,10.0,1.190207414518,18.852305400232,2018-03-19 03:00:00,ceaza
-29.915015,-71.242214,10.0,1.123349013145,18.040841640701,2018-03-19 04:00:00,ceaza
-29.915015,-71.242214,10.0,1.04551612028,22.230873205243,2018-03-19 05:00:00,ceaza
-29.915015,-71.242214,10.0,0.988032677304,18.608140101647,2018-03-19 06:00:00,ceaza
-29.915015,-71.242214,10.0,0.879548582138,20.993594000344,2018-03-19 07:00:00,ceaza
-29.915015,-71.242214,10.0,0.85456364793,18.978663164479002,2018-03-19 08:00:00,ceaza
-29.915015,-71.242214,10.0,0.844311013304,22.340824333598,2018-03-19 09:00:00,ceaza
-29.915015,-71.242214,10.0,0.7492295193970001,32.669886223252,2018-03-19 10:00:00,ceaza
-29.915015,-71.242214,10.0,0.736627673317,41.880192575969,2018-03-19 11:00:00,ceaza
-29.915015,-71.242214,10.0,0.632336205526,21.069043922539002,2018-03-19 12:00:00,ceaza
-29.915015,-71.242214,10.0,0.96156239386,312.787608966379,2018-03-19 13:00:00,ceaza
-29.915015,-71.242214,10.0,1.660671017791,286.31411210803003,2018-03-19 14:00:00,ceaza
-29.915015,-71.242214,10.0,2.185733161737,281.70960758698004,2018-03-19 15:00:00,ceaza
-29.915015,-71.242214,10.0,2.50488845609,279.770777817079,2018-03-19 16:00:00,ceaza
-29.915015,-71.242214,10.0,2.623933313978,285.040069789823,2018-03-19 17:00:00,ceaza
-29.915015,-71.242214,10.0,2.9681585784,278.23522884452,2018-03-19 18:00:00,ceaza
-29.915015,-71.242214,10.0,3.161767717632,274.629734040488,2018-03-19 19:00:00,ceaza
-29.915015,-71.242214,10.0,3.106370224397,272.638135177917,2018-03-19 20:00:00,ceaza
-29.915015,-71.242214,10.0,2.91592003557,272.118996741704,2018-03-19 21:00:00,ceaza
-29.915015,-71.242214,10.0,2.265891930464,274.381775673834,2018-03-19 22:00:00,ceaza
-29.915015,-71.242214,10.0,1.722576358315,322.898037914385,2018-03-19 23:00:00,ceaza
-29.915015,-71.242214,10.0,2.002058319827,340.477456051419,2018-03-20 00:00:00,ceaza
-29.938475,-71.223505,10.0,1.838497151753,265.984430621036,2018-03-15 00:00:00,cerrogrande
-29.938475,-71.223505,10.0,3.019635494895,291.373991054441,2018-03-15 01:00:00,cerrogrande
-29.938475,-71.223505,10.0,2.256759426122,357.755728572353,2018-03-15 02:00:00,cerrogrande
-29.938475,-71.223505,10.0,1.907611687203,39.414251236357,2018-03-15 03:00:00,cerrogrande
-29.938475,-71.223505,10.0,1.712512208208,55.201656842694995,2018-03-15 04:00:00,cerrogrande
-29.938475,-71.223505,10.0,1.388945404588,46.186071468170994,2018-03-15 05:00:00,cerrogrande
-29.938475,-71.223505,10.0,1.4833003333880002,65.623019485459,2018-03-15 06:00:00,cerrogrande
-29.938475,-71.223505,10.0,1.616600479489,54.602559347633,2018-03-15 07:00:00,cerrogrande
-29.938475,-71.223505,10.0,1.805448952714,57.567141776449006,2018-03-15 08:00:00,cerrogrande
-29.938475,-71.223505,10.0,1.59865263636,58.395285630822,2018-03-15 09:00:00,cerrogrande
-29.938475,-71.223505,10.0,1.119357119856,48.58424741711799,2018-03-15 10:00:00,cerrogrande
-29.938475,-71.223505,10.0,0.451875505173,15.571346583951001,2018-03-15 11:00:00,cerrogrande
-29.938475,-71.223505,10.0,0.6860320330480001,291.083862108831,2018-03-15 12:00:00,cerrogrande
-29.938475,-71.223505,10.0,1.796818186291,289.65720591665297,2018-03-15 13:00:00,cerrogrande
-29.938475,-71.223505,10.0,2.778090585426,285.621532567177,2018-03-15 14:00:00,cerrogrande
-29.938475,-71.223505,10.0,3.424079532263,286.441745340811,2018-03-15 15:00:00,cerrogrande
-29.938475,-71.223505,10.0,3.746074447737,286.103042079162,2018-03-15 16:00:00,cerrogrande
-29.938475,-71.223505,10.0,3.909783021515,289.220582986993,2018-03-15 17:00:00,cerrogrande
-29.938475,-71.223505,10.0,4.081067060838,290.396203593289,2018-03-15 18:00:00,cerrogrande
-29.938475,-71.223505,10.0,4.1491363736540015,294.267575125805,2018-03-15 19:00:00,cerrogrande
-29.938475,-71.223505,10.0,4.046920805262,297.197119537473,2018-03-15 20:00:00,cerrogrande
-29.938475,-71.223505,10.0,3.681988014238,299.983811828542,2018-03-15 21:00:00,cerrogrande
-29.938475,-71.223505,10.0,3.112906066224,310.216989096854,2018-03-15 22:00:00,cerrogrande
-29.938475,-71.223505,10.0,2.37971556404,335.081712465745,2018-03-15 23:00:00,cerrogrande
-29.938475,-71.223505,10.0,1.981182583793,359.71739778488404,2018-03-16 00:00:00,cerrogrande
-29.938475,-71.223505,10.0,1.6856431855540002,36.954864599964,2018-03-16 01:00:00,cerrogrande
-29.938475,-71.223505,10.0,1.484243332097,50.582913107972004,2018-03-16 02:00:00,cerrogrande
-29.938475,-71.223505,10.0,1.44856364382,55.769517266314004,2018-03-16 03:00:00,cerrogrande
-29.938475,-71.223505,10.0,0.968582584122,29.836280731784,2018-03-16 04:00:00,cerrogrande
-29.938475,-71.223505,10.0,0.957318209321,29.620007469675997,2018-03-16 05:00:00,cerrogrande
-29.938475,-71.223505,10.0,1.363566993157,40.760120079286,2018-03-16 06:00:00,cerrogrande
-29.938475,-71.223505,10.0,1.284306043767,40.698706410751,2018-03-16 07:00:00,cerrogrande
-29.938475,-71.223505,10.0,1.056269004138,46.566361409588005,2018-03-16 08:00:00,cerrogrande
-29.938475,-71.223505,10.0,1.158182342,51.525259841571,2018-03-16 09:00:00,cerrogrande
-29.938475,-71.223505,10.0,1.333420465448,55.661743631990994,2018-03-16 10:00:00,cerrogrande
-29.938475,-71.223505,10.0,1.3760261235370002,56.29009754537599,2018-03-16 11:00:00,cerrogrande
-29.938475,-71.223505,10.0,1.174620873148,19.301171643263,2018-03-16 12:00:00,cerrogrande
-29.938475,-71.223505,10.0,1.389902232594,328.056023149535,2018-03-16 13:00:00,cerrogrande
-29.938475,-71.223505,10.0,2.525734805454,295.5236718961,2018-03-16 14:00:00,cerrogrande
-29.938475,-71.223505,10.0,3.24677787926,288.36661309567796,2018-03-16 15:00:00,cerrogrande
-29.938475,-71.223505,10.0,3.706625537351,286.558417586152,2018-03-16 16:00:00,cerrogrande
-29.938475,-71.223505,10.0,3.931828213193,288.974514997647,2018-03-16 17:00:00,cerrogrande
-29.938475,-71.223505,10.0,4.069736865785,289.4449033338,2018-03-16 18:00:00,cerrogrande
-29.938475,-71.223505,10.0,3.905316772919,290.39719663932203,2018-03-16 19:00:00,cerrogrande
-29.938475,-71.223505,10.0,3.945869444968,292.268753100061,2018-03-16 20:00:00,cerrogrande
-29.938475,-71.223505,10.0,3.740624787422,293.085447201685,2018-03-16 21:00:00,cerrogrande
-29.938475,-71.223505,10.0,3.346463772873,296.362239615248,2018-03-16 22:00:00,cerrogrande
-29.938475,-71.223505,10.0,2.789286046216,304.212518900663,2018-03-16 23:00:00,cerrogrande
-29.938475,-71.223505,10.0,2.519602661516,315.580684847952,2018-03-17 00:00:00,cerrogrande
-29.938475,-71.223505,10.0,2.061596963395,348.515788694954,2018-03-17 01:00:00,cerrogrande
-29.938475,-71.223505,10.0,1.797944018128,24.381217665264,2018-03-17 02:00:00,cerrogrande
-29.938475,-71.223505,10.0,1.816665796054,47.531034122907,2018-03-17 03:00:00,cerrogrande
-29.938475,-71.223505,10.0,1.785302163762,60.073584607259995,2018-03-17 04:00:00,cerrogrande
-29.938475,-71.223505,10.0,1.938418808107,68.289698016491,2018-03-17 05:00:00,cerrogrande
-29.938475,-71.223505,10.0,1.898442232535,69.548575285212,2018-03-17 06:00:00,cerrogrande
-29.938475,-71.223505,10.0,1.789799410289,67.95117081526101,2018-03-17 07:00:00,cerrogrande
-29.938475,-71.223505,10.0,1.7877332378080002,68.26111443209601,2018-03-17 08:00:00,cerrogrande
-29.938475,-71.223505,10.0,1.738460320331,70.248537777075,2018-03-17 09:00:00,cerrogrande
-29.938475,-71.223505,10.0,1.6355084962850002,70.054509267875,2018-03-17 10:00:00,cerrogrande
-29.938475,-71.223505,10.0,1.264841303954,66.047774415128,2018-03-17 11:00:00,cerrogrande
-29.938475,-71.223505,10.0,0.6488096756189999,27.730348792973,2018-03-17 12:00:00,cerrogrande
-29.938475,-71.223505,10.0,1.498951337445,305.543402322342,2018-03-17 13:00:00,cerrogrande
-29.938475,-71.223505,10.0,2.751212072619,293.73213515235,2018-03-17 14:00:00,cerrogrande
-29.938475,-71.223505,10.0,3.677136421887,285.60442525433996,2018-03-17 15:00:00,cerrogrande
-29.938475,-71.223505,10.0,4.435967781191,286.03643744932003,2018-03-17 16:00:00,cerrogrande
-29.938475,-71.223505,10.0,4.9669072353670005,290.280161886605,2018-03-17 17:00:00,cerrogrande
-29.938475,-71.223505,10.0,5.69223827414,290.45859692691397,2018-03-17 18:00:00,cerrogrande
-29.938475,-71.223505,10.0,5.700212625022,294.922990523429,2018-03-17 19:00:00,cerrogrande
-29.938475,-71.223505,10.0,5.541270090515,300.60746410056197,2018-03-17 20:00:00,cerrogrande
-29.938475,-71.223505,10.0,5.2134634421240005,312.945985508823,2018-03-17 21:00:00,cerrogrande
-29.938475,-71.223505,10.0,4.933058808908,325.442980649342,2018-03-17 22:00:00,cerrogrande
-29.938475,-71.223505,10.0,3.695193014753,344.6591374583191,2018-03-17 23:00:00,cerrogrande
-29.938475,-71.223505,10.0,2.832752309238,11.556372137531,2018-03-18 00:00:00,cerrogrande
-29.938475,-71.223505,10.0,2.227875390463,38.040938188491,2018-03-18 01:00:00,cerrogrande
-29.938475,-71.223505,10.0,1.622491316338,50.935071296435005,2018-03-18 02:00:00,cerrogrande
-29.938475,-71.223505,10.0,1.442075243359,35.652627206637995,2018-03-18 03:00:00,cerrogrande
-29.938475,-71.223505,10.0,0.619821311914,63.78890312069,2018-03-18 04:00:00,cerrogrande
-29.938475,-71.223505,10.0,0.8431195541750001,78.602313327542,2018-03-18 05:00:00,cerrogrande
-29.938475,-71.223505,10.0,2.098267816843,54.155167941479995,2018-03-18 06:00:00,cerrogrande
-29.938475,-71.223505,10.0,2.200632404986,69.664729294019,2018-03-18 07:00:00,cerrogrande
-29.938475,-71.223505,10.0,2.339201479791,84.472247322794,2018-03-18 08:00:00,cerrogrande
-29.938475,-71.223505,10.0,2.483813307849,91.173921201851,2018-03-18 09:00:00,cerrogrande
-29.938475,-71.223505,10.0,2.581850499073,94.443548890441,2018-03-18 10:00:00,cerrogrande
-29.938475,-71.223505,10.0,2.3691478140310003,95.123237992672,2018-03-18 11:00:00,cerrogrande
-29.938475,-71.223505,10.0,1.1047073526459998,80.026205266623,2018-03-18 12:00:00,cerrogrande
-29.938475,-71.223505,10.0,1.300268574934,322.94846866472597,2018-03-18 13:00:00,cerrogrande
-29.938475,-71.223505,10.0,2.665510306936,299.694303914756,2018-03-18 14:00:00,cerrogrande
-29.938475,-71.223505,10.0,3.463759413172,293.194463060126,2018-03-18 15:00:00,cerrogrande
-29.938475,-71.223505,10.0,4.181205302645,288.071522757021,2018-03-18 16:00:00,cerrogrande
-29.938475,-71.223505,10.0,4.643329743351,293.070307007227,2018-03-18 17:00:00,cerrogrande
-29.938475,-71.223505,10.0,5.0763929193370005,293.550008175911,2018-03-18 18:00:00,cerrogrande
-29.938475,-71.223505,10.0,5.4739546508300005,294.068432197256,2018-03-18 19:00:00,cerrogrande
-29.938475,-71.223505,10.0,5.331274149929,296.118161214147,2018-03-18 20:00:00,cerrogrande
-29.938475,-71.223505,10.0,4.791213760184,300.834132171193,2018-03-18 21:00:00,cerrogrande
-29.938475,-71.223505,10.0,4.048134015296,313.10743452185903,2018-03-18 22:00:00,cerrogrande
-29.938475,-71.223505,10.0,3.363839726244,342.423892975074,2018-03-18 23:00:00,cerrogrande
-29.938475,-71.223505,10.0,3.32028244755,12.724958350348999,2018-03-19 00:00:00,cerrogrande
-29.938475,-71.223505,10.0,2.73368364269,34.132708685572,2018-03-19 01:00:00,cerrogrande
-29.938475,-71.223505,10.0,2.388151392015,42.008328157284005,2018-03-19 02:00:00,cerrogrande
-29.938475,-71.223505,10.0,2.239356109096,53.352978518015,2018-03-19 03:00:00,cerrogrande
-29.938475,-71.223505,10.0,2.270036497707,51.032781593245,2018-03-19 04:00:00,cerrogrande
-29.938475,-71.223505,10.0,2.296029891156,54.956795860853006,2018-03-19 05:00:00,cerrogrande
-29.938475,-71.223505,10.0,2.204894825483,56.917448091644,2018-03-19 06:00:00,cerrogrande
-29.938475,-71.223505,10.0,2.014287555256,60.838172242770995,2018-03-19 07:00:00,cerrogrande
-29.938475,-71.223505,10.0,1.856408816613,58.161424189769996,2018-03-19 08:00:00,cerrogrande
-29.938475,-71.223505,10.0,1.7949070929100002,59.812965939903,2018-03-19 09:00:00,cerrogrande
-29.938475,-71.223505,10.0,1.6412007613139998,66.657230314564,2018-03-19 10:00:00,cerrogrande
-29.938475,-71.223505,10.0,1.467948210999,72.922049781117,2018-03-19 11:00:00,cerrogrande
-29.938475,-71.223505,10.0,1.01477081606,43.250225341211994,2018-03-19 12:00:00,cerrogrande
-29.938475,-71.223505,10.0,1.550946264765,320.669568468717,2018-03-19 13:00:00,cerrogrande
-29.938475,-71.223505,10.0,2.956991120655,298.300198342624,2018-03-19 14:00:00,cerrogrande
-29.938475,-71.223505,10.0,3.597156048395,289.269271994808,2018-03-19 15:00:00,cerrogrande
-29.938475,-71.223505,10.0,4.173060114281,287.17457349922404,2018-03-19 16:00:00,cerrogrande
-29.938475,-71.223505,10.0,4.3295642739670015,293.510711588905,2018-03-19 17:00:00,cerrogrande
-29.938475,-71.223505,10.0,4.988216605974,292.06413075114,2018-03-19 18:00:00,cerrogrande
-29.938475,-71.223505,10.0,5.36853531676,291.790586508242,2018-03-19 19:00:00,cerrogrande
-29.938475,-71.223505,10.0,5.47241858474,289.8986574154,2018-03-19 20:00:00,cerrogrande
-29.938475,-71.223505,10.0,5.370915933144,289.066232713637,2018-03-19 21:00:00,cerrogrande
-29.938475,-71.223505,10.0,4.5096822962220005,293.458967507352,2018-03-19 22:00:00,cerrogrande
-29.938475,-71.223505,10.0,3.11922362306,331.552745510332,2018-03-19 23:00:00,cerrogrande
-29.938475,-71.223505,10.0,3.426544962137,7.760676114086999,2018-03-20 00:00:00,cerrogrande
-29.892433,-71.299177,10.0,2.128559680185,239.74784717816502,2018-03-15 00:00:00,mar1
-29.892433,-71.299177,10.0,3.855461048246,272.205544925092,2018-03-15 01:00:00,mar1
-29.892433,-71.299177,10.0,2.570968318105,345.76477547147596,2018-03-15 02:00:00,mar1
-29.892433,-71.299177,10.0,3.365390407391,351.025629508987,2018-03-15 03:00:00,mar1
-29.892433,-71.299177,10.0,2.863293642743,346.7760954028929,2018-03-15 04:00:00,mar1
-29.892433,-71.299177,10.0,2.6710096432820003,1.4163789738769998,2018-03-15 05:00:00,mar1
-29.892433,-71.299177,10.0,2.917018346634,12.682050420867,2018-03-15 06:00:00,mar1
-29.892433,-71.299177,10.0,3.187671451977,352.96260346967796,2018-03-15 07:00:00,mar1
-29.892433,-71.299177,10.0,3.113721465388,346.2200801318869,2018-03-15 08:00:00,mar1
-29.892433,-71.299177,10.0,2.551446646715,341.10932926768004,2018-03-15 09:00:00,mar1
-29.892433,-71.299177,10.0,2.502546597045,335.71324197328204,2018-03-15 10:00:00,mar1
-29.892433,-71.299177,10.0,2.646633098584,329.721210127789,2018-03-15 11:00:00,mar1
-29.892433,-71.299177,10.0,2.508801767329,335.11312012790296,2018-03-15 12:00:00,mar1
-29.892433,-71.299177,10.0,2.12050462618,327.07276103487004,2018-03-15 13:00:00,mar1
-29.892433,-71.299177,10.0,1.7539414084729998,297.944058224351,2018-03-15 14:00:00,mar1
-29.892433,-71.299177,10.0,2.378942986508,285.107417684491,2018-03-15 15:00:00,mar1
-29.892433,-71.299177,10.0,2.377353748993,276.565201499329,2018-03-15 16:00:00,mar1
-29.892433,-71.299177,10.0,3.002840776217,276.35250981607703,2018-03-15 17:00:00,mar1
-29.892433,-71.299177,10.0,3.902765368785,276.858432126096,2018-03-15 18:00:00,mar1
-29.892433,-71.299177,10.0,3.881868540705,275.079763231082,2018-03-15 19:00:00,mar1
-29.892433,-71.299177,10.0,3.529677255673,281.783802888538,2018-03-15 20:00:00,mar1
-29.892433,-71.299177,10.0,3.657197558991,272.651001479414,2018-03-15 21:00:00,mar1
-29.892433,-71.299177,10.0,3.035053466322,279.27725420595,2018-03-15 22:00:00,mar1
-29.892433,-71.299177,10.0,2.479891362302,346.154371210335,2018-03-15 23:00:00,mar1
-29.892433,-71.299177,10.0,2.636779065667,354.740841088112,2018-03-16 00:00:00,mar1
-29.892433,-71.299177,10.0,2.877619590838,344.340179144665,2018-03-16 01:00:00,mar1
-29.892433,-71.299177,10.0,3.16498415755,353.436170201036,2018-03-16 02:00:00,mar1
-29.892433,-71.299177,10.0,2.977151166699,352.409205226167,2018-03-16 03:00:00,mar1
-29.892433,-71.299177,10.0,2.7524447265820005,344.364888753053,2018-03-16 04:00:00,mar1
-29.892433,-71.299177,10.0,1.49222325004,324.403373848195,2018-03-16 05:00:00,mar1
-29.892433,-71.299177,10.0,1.268191622477,314.197280481236,2018-03-16 06:00:00,mar1
-29.892433,-71.299177,10.0,1.570306741572,338.245415233787,2018-03-16 07:00:00,mar1
-29.892433,-71.299177,10.0,1.757993535025,346.55140398208505,2018-03-16 08:00:00,mar1
-29.892433,-71.299177,10.0,1.749175010638,351.861127869936,2018-03-16 09:00:00,mar1
-29.892433,-71.299177,10.0,2.0275346751,0.961453259463,2018-03-16 10:00:00,mar1
-29.892433,-71.299177,10.0,2.367785818108,5.15874160485,2018-03-16 11:00:00,mar1
-29.892433,-71.299177,10.0,2.558413389034,8.52732078303,2018-03-16 12:00:00,mar1
-29.892433,-71.299177,10.0,2.180788245229,351.7957207204,2018-03-16 13:00:00,mar1
-29.892433,-71.299177,10.0,1.6577663733719998,312.456748546242,2018-03-16 14:00:00,mar1
-29.892433,-71.299177,10.0,2.357769279793,281.347043238615,2018-03-16 15:00:00,mar1
-29.892433,-71.299177,10.0,3.281158010746,276.019591031725,2018-03-16 16:00:00,mar1
-29.892433,-71.299177,10.0,3.726844692467,266.633031152556,2018-03-16 17:00:00,mar1
-29.892433,-71.299177,10.0,4.27604545308,262.710884253365,2018-03-16 18:00:00,mar1
-29.892433,-71.299177,10.0,4.247349125311,261.512446733373,2018-03-16 19:00:00,mar1
-29.892433,-71.299177,10.0,4.219287403482,258.419704281941,2018-03-16 20:00:00,mar1
-29.892433,-71.299177,10.0,3.97138432238,257.010909230858,2018-03-16 21:00:00,mar1
-29.892433,-71.299177,10.0,3.453834646764,262.425849931552,2018-03-16 22:00:00,mar1
-29.892433,-71.299177,10.0,2.488106610753,265.99894254441,2018-03-16 23:00:00,mar1
-29.892433,-71.299177,10.0,1.861563277347,291.497617375876,2018-03-17 00:00:00,mar1
-29.892433,-71.299177,10.0,2.243847332939,318.117365404359,2018-03-17 01:00:00,mar1
-29.892433,-71.299177,10.0,2.7417515089660003,346.235167997478,2018-03-17 02:00:00,mar1
-29.892433,-71.299177,10.0,3.409247700693,2.744270015241,2018-03-17 03:00:00,mar1
-29.892433,-71.299177,10.0,2.659521182493,358.628155970987,2018-03-17 04:00:00,mar1
-29.892433,-71.299177,10.0,1.404831247697,340.44764790257705,2018-03-17 05:00:00,mar1
-29.892433,-71.299177,10.0,1.255660271269,337.07593062631804,2018-03-17 06:00:00,mar1
-29.892433,-71.299177,10.0,0.96019574954,302.729339580108,2018-03-17 07:00:00,mar1
-29.892433,-71.299177,10.0,0.8815622016949999,298.803926576235,2018-03-17 08:00:00,mar1
-29.892433,-71.299177,10.0,0.787521587543,314.129125631955,2018-03-17 09:00:00,mar1
-29.892433,-71.299177,10.0,1.048444535571,347.618109411239,2018-03-17 10:00:00,mar1
-29.892433,-71.299177,10.0,1.276105973785,0.391014338495,2018-03-17 11:00:00,mar1
-29.892433,-71.299177,10.0,1.501736947498,11.091508390527,2018-03-17 12:00:00,mar1
-29.892433,-71.299177,10.0,1.064691825168,352.031302348211,2018-03-17 13:00:00,mar1
-29.892433,-71.299177,10.0,1.506476126064,287.911075614941,2018-03-17 14:00:00,mar1
-29.892433,-71.299177,10.0,2.903717818423,277.19683144088003,2018-03-17 15:00:00,mar1
-29.892433,-71.299177,10.0,3.689181240915,262.987184679655,2018-03-17 16:00:00,mar1
-29.892433,-71.299177,10.0,4.3764826976740006,258.30794151672995,2018-03-17 17:00:00,mar1
-29.892433,-71.299177,10.0,4.480633015132,262.07584483489603,2018-03-17 18:00:00,mar1
-29.892433,-71.299177,10.0,4.586399283396,266.738371543796,2018-03-17 19:00:00,mar1
-29.892433,-71.299177,10.0,4.126085056473,268.091962159213,2018-03-17 20:00:00,mar1
-29.892433,-71.299177,10.0,3.627229224654,268.622032014286,2018-03-17 21:00:00,mar1
-29.892433,-71.299177,10.0,2.609005103368,257.673669703656,2018-03-17 22:00:00,mar1
-29.892433,-71.299177,10.0,1.714620503626,9.04174925098,2018-03-17 23:00:00,mar1
-29.892433,-71.299177,10.0,1.994551534247,348.57192619438905,2018-03-18 00:00:00,mar1
-29.892433,-71.299177,10.0,2.323833041593,3.693037927022,2018-03-18 01:00:00,mar1
-29.892433,-71.299177,10.0,2.8649570486040004,25.738510328474003,2018-03-18 02:00:00,mar1
-29.892433,-71.299177,10.0,1.470987090076,35.675806982575004,2018-03-18 03:00:00,mar1
-29.892433,-71.299177,10.0,1.031755465152,91.333959602047,2018-03-18 04:00:00,mar1
-29.892433,-71.299177,10.0,0.456014512929,95.724717676986,2018-03-18 05:00:00,mar1
-29.892433,-71.299177,10.0,0.9491845455299999,348.291228521232,2018-03-18 06:00:00,mar1
-29.892433,-71.299177,10.0,1.837082885316,3.626727701788,2018-03-18 07:00:00,mar1
-29.892433,-71.299177,10.0,2.070335116238,16.669599202907,2018-03-18 08:00:00,mar1
-29.892433,-71.299177,10.0,1.966608402947,23.837072639499997,2018-03-18 09:00:00,mar1
-29.892433,-71.299177,10.0,1.638136063969,30.556113523249998,2018-03-18 10:00:00,mar1
-29.892433,-71.299177,10.0,1.735088361163,55.201843633496,2018-03-18 11:00:00,mar1
-29.892433,-71.299177,10.0,1.736974641028,51.55818119294501,2018-03-18 12:00:00,mar1
-29.892433,-71.299177,10.0,1.215320757763,19.42362612657,2018-03-18 13:00:00,mar1
-29.892433,-71.299177,10.0,1.684144489372,302.647027714263,2018-03-18 14:00:00,mar1
-29.892433,-71.299177,10.0,2.939096066104,283.981734051746,2018-03-18 15:00:00,mar1
-29.892433,-71.299177,10.0,3.859130175335,279.021776242297,2018-03-18 16:00:00,mar1
-29.892433,-71.299177,10.0,3.774055196609,299.360212566328,2018-03-18 17:00:00,mar1
-29.892433,-71.299177,10.0,3.663399948983,280.885016410576,2018-03-18 18:00:00,mar1
-29.892433,-71.299177,10.0,4.364793775144,266.198434648536,2018-03-18 19:00:00,mar1
-29.892433,-71.299177,10.0,4.671285077213,264.660862607543,2018-03-18 20:00:00,mar1
-29.892433,-71.299177,10.0,4.661258353989,261.917155159302,2018-03-18 21:00:00,mar1
-29.892433,-71.299177,10.0,4.039352160717,277.284239390205,2018-03-18 22:00:00,mar1
-29.892433,-71.299177,10.0,3.11303183552,291.1182735041461,2018-03-18 23:00:00,mar1
-29.892433,-71.299177,10.0,2.322328752171,334.09551300530103,2018-03-19 00:00:00,mar1
-29.892433,-71.299177,10.0,3.679533870044,349.71755820998595,2018-03-19 01:00:00,mar1
-29.892433,-71.299177,10.0,2.804091208359,346.8606825649549,2018-03-19 02:00:00,mar1
-29.892433,-71.299177,10.0,1.7957609029700001,340.704273150284,2018-03-19 03:00:00,mar1
-29.892433,-71.299177,10.0,1.355369075929,321.95857709821604,2018-03-19 04:00:00,mar1
-29.892433,-71.299177,10.0,1.2088371613200002,305.415254079626,2018-03-19 05:00:00,mar1
-29.892433,-71.299177,10.0,1.484453890853,320.647913889532,2018-03-19 06:00:00,mar1
-29.892433,-71.299177,10.0,1.3554880797799995,315.778045804025,2018-03-19 07:00:00,mar1
-29.892433,-71.299177,10.0,1.28779647263,308.16009490167596,2018-03-19 08:00:00,mar1
-29.892433,-71.299177,10.0,1.10742160796,319.819995870437,2018-03-19 09:00:00,mar1
-29.892433,-71.299177,10.0,1.100131844153,348.617690305831,2018-03-19 10:00:00,mar1
-29.892433,-71.299177,10.0,1.585422536035,13.960722598376,2018-03-19 11:00:00,mar1
-29.892433,-71.299177,10.0,1.897865931086,15.635924495337,2018-03-19 12:00:00,mar1
-29.892433,-71.299177,10.0,1.102738098476,337.740173198538,2018-03-19 13:00:00,mar1
-29.892433,-71.299177,10.0,1.860327876871,277.382686248048,2018-03-19 14:00:00,mar1
-29.892433,-71.299177,10.0,3.056468026486,272.69472826861,2018-03-19 15:00:00,mar1
-29.892433,-71.299177,10.0,3.658863152341,262.767924386523,2018-03-19 16:00:00,mar1
-29.892433,-71.299177,10.0,3.855667928032,258.0311043858,2018-03-19 17:00:00,mar1
-29.892433,-71.299177,10.0,5.150802915881,250.38578321690895,2018-03-19 18:00:00,mar1
-29.892433,-71.299177,10.0,5.792776413767,248.20951497079602,2018-03-19 19:00:00,mar1
-29.892433,-71.299177,10.0,5.972767336192,247.02733397593101,2018-03-19 20:00:00,mar1
-29.892433,-71.299177,10.0,5.380072840304002,248.74951282067903,2018-03-19 21:00:00,mar1
-29.892433,-71.299177,10.0,5.288588992974,239.848534409398,2018-03-19 22:00:00,mar1
-29.892433,-71.299177,10.0,4.239106763442,236.36691053872397,2018-03-19 23:00:00,mar1
-29.892433,-71.299177,10.0,2.573339413444,242.786390292237,2018-03-20 00:00:00,mar1
-29.928277,-71.299763,10.0,2.200861779351,241.89771551946998,2018-03-15 00:00:00,mar2
-29.928277,-71.299763,10.0,3.875120505207,276.083823121141,2018-03-15 01:00:00,mar2
-29.928277,-71.299763,10.0,2.431928987704,328.577760247868,2018-03-15 02:00:00,mar2
-29.928277,-71.299763,10.0,3.5950734770420003,6.821451464726,2018-03-15 03:00:00,mar2
-29.928277,-71.299763,10.0,2.722282988993,10.520547296293,2018-03-15 04:00:00,mar2
-29.928277,-71.299763,10.0,2.1685620911770003,50.696408196161,2018-03-15 05:00:00,mar2
-29.928277,-71.299763,10.0,2.440309256716,46.417176710129006,2018-03-15 06:00:00,mar2
-29.928277,-71.299763,10.0,2.150612508435,33.643871001687,2018-03-15 07:00:00,mar2
-29.928277,-71.299763,10.0,2.523987744305,16.427139289667,2018-03-15 08:00:00,mar2
-29.928277,-71.299763,10.0,1.812641477695,16.583610155567,2018-03-15 09:00:00,mar2
-29.928277,-71.299763,10.0,1.362045535322,19.10526600492,2018-03-15 10:00:00,mar2
-29.928277,-71.299763,10.0,1.187680534044,5.787465447562,2018-03-15 11:00:00,mar2
-29.928277,-71.299763,10.0,1.352607165715,349.84047267672094,2018-03-15 12:00:00,mar2
-29.928277,-71.299763,10.0,1.342285206002,337.983381573072,2018-03-15 13:00:00,mar2
-29.928277,-71.299763,10.0,0.889611168594,287.427940057183,2018-03-15 14:00:00,mar2
-29.928277,-71.299763,10.0,1.44678331028,284.964613483218,2018-03-15 15:00:00,mar2
-29.928277,-71.299763,10.0,2.618192425575,290.006973019482,2018-03-15 16:00:00,mar2
-29.928277,-71.299763,10.0,3.1734632285570004,293.90198142147096,2018-03-15 17:00:00,mar2
-29.928277,-71.299763,10.0,4.273949639882,286.247537224699,2018-03-15 18:00:00,mar2
-29.928277,-71.299763,10.0,4.5428102813,277.59635367409,2018-03-15 19:00:00,mar2
-29.928277,-71.299763,10.0,4.4207868565599995,278.36045212611197,2018-03-15 20:00:00,mar2
-29.928277,-71.299763,10.0,4.487041416303,272.639209841039,2018-03-15 21:00:00,mar2
-29.928277,-71.299763,10.0,3.687001933447,274.413787445621,2018-03-15 22:00:00,mar2
-29.928277,-71.299763,10.0,1.964905450392,313.430237071978,2018-03-15 23:00:00,mar2
-29.928277,-71.299763,10.0,2.8105151982730003,11.748577843221,2018-03-16 00:00:00,mar2
-29.928277,-71.299763,10.0,2.837000491745,2.072196550094,2018-03-16 01:00:00,mar2
-29.928277,-71.299763,10.0,2.85695559453,18.239422132926,2018-03-16 02:00:00,mar2
-29.928277,-71.299763,10.0,2.4035395151900003,12.37715753333,2018-03-16 03:00:00,mar2
-29.928277,-71.299763,10.0,1.583364119002,31.476449733379003,2018-03-16 04:00:00,mar2
-29.928277,-71.299763,10.0,1.328154361098,54.021865282595996,2018-03-16 05:00:00,mar2
-29.928277,-71.299763,10.0,1.061739724958,51.478966287531,2018-03-16 06:00:00,mar2
-29.928277,-71.299763,10.0,1.015485586493,354.83042989799895,2018-03-16 07:00:00,mar2
-29.928277,-71.299763,10.0,1.37892226964,20.662189982983,2018-03-16 08:00:00,mar2
-29.928277,-71.299763,10.0,1.679734813752,48.885468057791,2018-03-16 09:00:00,mar2
-29.928277,-71.299763,10.0,1.979566897415,46.23186457576,2018-03-16 10:00:00,mar2
-29.928277,-71.299763,10.0,2.257691860393,38.815363659852,2018-03-16 11:00:00,mar2
-29.928277,-71.299763,10.0,2.455569587761,24.894439923135,2018-03-16 12:00:00,mar2
-29.928277,-71.299763,10.0,2.079847430686,5.208141519271,2018-03-16 13:00:00,mar2
-29.928277,-71.299763,10.0,1.296566821527,323.06489216634,2018-03-16 14:00:00,mar2
-29.928277,-71.299763,10.0,2.083670950119,288.709279133082,2018-03-16 15:00:00,mar2
-29.928277,-71.299763,10.0,3.433748284167,284.03282381297697,2018-03-16 16:00:00,mar2
-29.928277,-71.299763,10.0,3.98515484321,278.456759746738,2018-03-16 17:00:00,mar2
-29.928277,-71.299763,10.0,4.580770442857,273.188213904987,2018-03-16 18:00:00,mar2
-29.928277,-71.299763,10.0,4.695438541636,272.071675616319,2018-03-16 19:00:00,mar2
-29.928277,-71.299763,10.0,4.765070846971,269.083157576965,2018-03-16 20:00:00,mar2
-29.928277,-71.299763,10.0,4.616882539272,267.693258980308,2018-03-16 21:00:00,mar2
-29.928277,-71.299763,10.0,4.1426908188330005,270.472837181211,2018-03-16 22:00:00,mar2
-29.928277,-71.299763,10.0,3.90240216129,265.02290223462,2018-03-16 23:00:00,mar2
-29.928277,-71.299763,10.0,2.489236997435,292.774079399049,2018-03-17 00:00:00,mar2
-29.928277,-71.299763,10.0,2.402708710042,329.048841777171,2018-03-17 01:00:00,mar2
-29.928277,-71.299763,10.0,3.127491963377,2.272814776,2018-03-17 02:00:00,mar2
-29.928277,-71.299763,10.0,3.697356188386,22.287265354653,2018-03-17 03:00:00,mar2
-29.928277,-71.299763,10.0,3.184753946211,23.659414082038,2018-03-17 04:00:00,mar2
-29.928277,-71.299763,10.0,2.292838590054,46.853379092527,2018-03-17 05:00:00,mar2
-29.928277,-71.299763,10.0,2.17320370261,59.587494734845,2018-03-17 06:00:00,mar2
-29.928277,-71.299763,10.0,1.833236899367,66.42343066595899,2018-03-17 07:00:00,mar2
-29.928277,-71.299763,10.0,1.574703905235,60.88289412127,2018-03-17 08:00:00,mar2
-29.928277,-71.299763,10.0,1.255628355549,54.27382711546501,2018-03-17 09:00:00,mar2
-29.928277,-71.299763,10.0,1.264242411219,33.543371836624,2018-03-17 10:00:00,mar2
-29.928277,-71.299763,10.0,0.978500481748,7.286851126127,2018-03-17 11:00:00,mar2
-29.928277,-71.299763,10.0,1.090274702359,29.923318021864,2018-03-17 12:00:00,mar2
-29.928277,-71.299763,10.0,1.029033162602,346.04162485667,2018-03-17 13:00:00,mar2
-29.928277,-71.299763,10.0,1.500604302973,297.539609388903,2018-03-17 14:00:00,mar2
-29.928277,-71.299763,10.0,3.077308401581,291.435095857997,2018-03-17 15:00:00,mar2
-29.928277,-71.299763,10.0,4.099631186372,276.53256070159597,2018-03-17 16:00:00,mar2
-29.928277,-71.299763,10.0,5.30145126141,264.177121492497,2018-03-17 17:00:00,mar2
-29.928277,-71.299763,10.0,5.917726506326,266.06882186681196,2018-03-17 18:00:00,mar2
-29.928277,-71.299763,10.0,5.886812953897,268.07463055690204,2018-03-17 19:00:00,mar2
-29.928277,-71.299763,10.0,6.262322919233,257.85133953413,2018-03-17 20:00:00,mar2
-29.928277,-71.299763,10.0,6.130895251983,252.756396528174,2018-03-17 21:00:00,mar2
-29.928277,-71.299763,10.0,6.204983087932,240.891711405813,2018-03-17 22:00:00,mar2
-29.928277,-71.299763,10.0,5.472060268843,235.76502028126305,2018-03-17 23:00:00,mar2
-29.928277,-71.299763,10.0,3.468996781096,238.162514248671,2018-03-18 00:00:00,mar2
-29.928277,-71.299763,10.0,3.291887551621,36.796580802291004,2018-03-18 01:00:00,mar2
-29.928277,-71.299763,10.0,2.752911170158,40.944585104699,2018-03-18 02:00:00,mar2
-29.928277,-71.299763,10.0,0.862961852254,94.913018259584,2018-03-18 03:00:00,mar2
-29.928277,-71.299763,10.0,0.934233593719,118.206356124932,2018-03-18 04:00:00,mar2
-29.928277,-71.299763,10.0,1.041504300843,76.068398078718,2018-03-18 05:00:00,mar2
-29.928277,-71.299763,10.0,1.114169851527,45.469668723629,2018-03-18 06:00:00,mar2
-29.928277,-71.299763,10.0,1.451178530497,21.620413599727,2018-03-18 07:00:00,mar2
-29.928277,-71.299763,10.0,2.2161846779550003,43.348149181555,2018-03-18 08:00:00,mar2
-29.928277,-71.299763,10.0,2.255782425107,55.19187407294599,2018-03-18 09:00:00,mar2
-29.928277,-71.299763,10.0,2.245886191471,56.873032719945,2018-03-18 10:00:00,mar2
-29.928277,-71.299763,10.0,2.110089045337,60.87629750622301,2018-03-18 11:00:00,mar2
-29.928277,-71.299763,10.0,1.536990760099,59.657616827435,2018-03-18 12:00:00,mar2
-29.928277,-71.299763,10.0,0.825406944057,8.299742853303,2018-03-18 13:00:00,mar2
-29.928277,-71.299763,10.0,1.331818089486,311.016149720778,2018-03-18 14:00:00,mar2
-29.928277,-71.299763,10.0,2.929307027595,294.336635715507,2018-03-18 15:00:00,mar2
-29.928277,-71.299763,10.0,3.9417550766,290.755605142695,2018-03-18 16:00:00,mar2
-29.928277,-71.299763,10.0,3.829754300033,307.634341991713,2018-03-18 17:00:00,mar2
-29.928277,-71.299763,10.0,4.638638519186,280.774597366769,2018-03-18 18:00:00,mar2
-29.928277,-71.299763,10.0,5.323222511616,272.512026216187,2018-03-18 19:00:00,mar2
-29.928277,-71.299763,10.0,5.422552402218,274.407351566555,2018-03-18 20:00:00,mar2
-29.928277,-71.299763,10.0,5.15729486073,273.190638012291,2018-03-18 21:00:00,mar2
-29.928277,-71.299763,10.0,4.815700426384,265.961594660339,2018-03-18 22:00:00,mar2
-29.928277,-71.299763,10.0,4.086359341674,260.004629465067,2018-03-18 23:00:00,mar2
-29.928277,-71.299763,10.0,2.744296664115,278.464088354576,2018-03-19 00:00:00,mar2
-29.928277,-71.299763,10.0,3.103033373848,16.681422456194,2018-03-19 01:00:00,mar2
-29.928277,-71.299763,10.0,3.667668339324,23.608593982214998,2018-03-19 02:00:00,mar2
-29.928277,-71.299763,10.0,3.090975223462,24.928979968086,2018-03-19 03:00:00,mar2
-29.928277,-71.299763,10.0,1.869035833987,39.821189952133004,2018-03-19 04:00:00,mar2
-29.928277,-71.299763,10.0,1.322509571667,54.466664923886995,2018-03-19 05:00:00,mar2
-29.928277,-71.299763,10.0,1.082752328612,357.142483206556,2018-03-19 06:00:00,mar2
-29.928277,-71.299763,10.0,1.227890800627,342.940262357391,2018-03-19 07:00:00,mar2
-29.928277,-71.299763,10.0,1.162935643279,333.117358537749,2018-03-19 08:00:00,mar2
-29.928277,-71.299763,10.0,1.25051153365,332.761324178672,2018-03-19 09:00:00,mar2
-29.928277,-71.299763,10.0,1.180608036508,354.9995307305989,2018-03-19 10:00:00,mar2
-29.928277,-71.299763,10.0,1.385187393111,35.021166754903,2018-03-19 11:00:00,mar2
-29.928277,-71.299763,10.0,1.6660127101300002,34.854030597612,2018-03-19 12:00:00,mar2
-29.928277,-71.299763,10.0,1.231612781891,338.983499306575,2018-03-19 13:00:00,mar2
-29.928277,-71.299763,10.0,1.7362176954700002,288.57800871541696,2018-03-19 14:00:00,mar2
-29.928277,-71.299763,10.0,3.194764327623,285.709779091376,2018-03-19 15:00:00,mar2
-29.928277,-71.299763,10.0,4.018705077866,278.304578930559,2018-03-19 16:00:00,mar2
-29.928277,-71.299763,10.0,4.622247683828,263.689097472081,2018-03-19 17:00:00,mar2
-29.928277,-71.299763,10.0,5.604158545183999,256.365095209359,2018-03-19 18:00:00,mar2
-29.928277,-71.299763,10.0,6.339293640263,252.224892243394,2018-03-19 19:00:00,mar2
-29.928277,-71.299763,10.0,6.470525121654,250.392609014372,2018-03-19 20:00:00,mar2
-29.928277,-71.299763,10.0,5.95746797017,247.052491579833,2018-03-19 21:00:00,mar2
-29.928277,-71.299763,10.0,5.7339938033280005,242.342096812146,2018-03-19 22:00:00,mar2
-29.928277,-71.299763,10.0,5.155705489637,244.307283110682,2018-03-19 23:00:00,mar2
-29.928277,-71.299763,10.0,4.643609120284,246.987051828555,2018-03-20 00:00:00,mar2
-29.892013,-71.248,10.0,1.724066512898,251.80839444407903,2018-03-15 00:00:00,tierra
-29.892013,-71.248,10.0,2.391955494746,285.993711183696,2018-03-15 01:00:00,tierra
-29.892013,-71.248,10.0,2.555749978929,348.069833317391,2018-03-15 02:00:00,tierra
-29.892013,-71.248,10.0,1.965412503173,352.87298165344595,2018-03-15 03:00:00,tierra
-29.892013,-71.248,10.0,1.248405686577,358.23474550869105,2018-03-15 04:00:00,tierra
-29.892013,-71.248,10.0,1.163962926422,14.529907754504,2018-03-15 05:00:00,tierra
-29.892013,-71.248,10.0,1.406346746553,23.387926106442,2018-03-15 06:00:00,tierra
-29.892013,-71.248,10.0,1.523713046403,9.656399800612,2018-03-15 07:00:00,tierra
-29.892013,-71.248,10.0,1.369816895138,10.26332472531,2018-03-15 08:00:00,tierra
-29.892013,-71.248,10.0,0.767340784678,37.082238073632,2018-03-15 09:00:00,tierra
-29.892013,-71.248,10.0,0.494434174371,90.06452637184,2018-03-15 10:00:00,tierra
-29.892013,-71.248,10.0,0.356429060391,163.086862680372,2018-03-15 11:00:00,tierra
-29.892013,-71.248,10.0,0.725097381278,261.672941623709,2018-03-15 12:00:00,tierra
-29.892013,-71.248,10.0,1.807681825063,293.399424515017,2018-03-15 13:00:00,tierra
-29.892013,-71.248,10.0,2.382843742699,292.54934945084204,2018-03-15 14:00:00,tierra
-29.892013,-71.248,10.0,2.776925719491,293.662498040932,2018-03-15 15:00:00,tierra
-29.892013,-71.248,10.0,3.039393249844,290.653741563968,2018-03-15 16:00:00,tierra
-29.892013,-71.248,10.0,3.1304852681110003,287.445255960474,2018-03-15 17:00:00,tierra
-29.892013,-71.248,10.0,3.517532116293,281.304039243978,2018-03-15 18:00:00,tierra
-29.892013,-71.248,10.0,3.507640581228,280.958380567559,2018-03-15 19:00:00,tierra
-29.892013,-71.248,10.0,3.361357126163,283.456489122434,2018-03-15 20:00:00,tierra
-29.892013,-71.248,10.0,2.886882331443,287.589071260695,2018-03-15 21:00:00,tierra
-29.892013,-71.248,10.0,2.450688850821,303.79896513632997,2018-03-15 22:00:00,tierra
-29.892013,-71.248,10.0,2.458720308511,333.505358243299,2018-03-15 23:00:00,tierra
-29.892013,-71.248,10.0,2.592702325058,345.192464393507,2018-03-16 00:00:00,tierra
-29.892013,-71.248,10.0,1.901339771337,355.04758089707605,2018-03-16 01:00:00,tierra
-29.892013,-71.248,10.0,1.503589408902,0.228615607376,2018-03-16 02:00:00,tierra
-29.892013,-71.248,10.0,1.08259100775,357.15323790805,2018-03-16 03:00:00,tierra
-29.892013,-71.248,10.0,0.697778631859,352.691272804,2018-03-16 04:00:00,tierra
-29.892013,-71.248,10.0,1.327075748675,5.208670155373,2018-03-16 05:00:00,tierra
-29.892013,-71.248,10.0,1.590827474061,11.082830261573,2018-03-16 06:00:00,tierra
-29.892013,-71.248,10.0,1.400123376248,9.023845532451,2018-03-16 07:00:00,tierra
-29.892013,-71.248,10.0,1.3215346778380002,10.754998699684,2018-03-16 08:00:00,tierra
-29.892013,-71.248,10.0,1.447879603728,18.46566052105,2018-03-16 09:00:00,tierra
-29.892013,-71.248,10.0,1.521458741987,20.181673001620002,2018-03-16 10:00:00,tierra
-29.892013,-71.248,10.0,1.595342118015,19.430685853001002,2018-03-16 11:00:00,tierra
-29.892013,-71.248,10.0,1.543751342968,358.140328016853,2018-03-16 12:00:00,tierra
-29.892013,-71.248,10.0,1.786738195522,320.821470643422,2018-03-16 13:00:00,tierra
-29.892013,-71.248,10.0,2.4224796622510003,295.99040765864,2018-03-16 14:00:00,tierra
-29.892013,-71.248,10.0,2.819522259986,288.73821823270697,2018-03-16 15:00:00,tierra
-29.892013,-71.248,10.0,3.062508320758,284.385446976926,2018-03-16 16:00:00,tierra
-29.892013,-71.248,10.0,3.2921910004259995,284.354739775478,2018-03-16 17:00:00,tierra
-29.892013,-71.248,10.0,3.4462628173540004,280.724799345707,2018-03-16 18:00:00,tierra
-29.892013,-71.248,10.0,3.296948039248,280.874634745263,2018-03-16 19:00:00,tierra
-29.892013,-71.248,10.0,3.242266486343,279.81063466786,2018-03-16 20:00:00,tierra
-29.892013,-71.248,10.0,3.012853178126,280.15389248682595,2018-03-16 21:00:00,tierra
-29.892013,-71.248,10.0,2.556531272151,282.84711485639,2018-03-16 22:00:00,tierra
-29.892013,-71.248,10.0,1.983980040149,296.342010857023,2018-03-16 23:00:00,tierra
-29.892013,-71.248,10.0,1.751845160699,317.073886725801,2018-03-17 00:00:00,tierra
-29.892013,-71.248,10.0,1.849522596064,341.313175168086,2018-03-17 01:00:00,tierra
-29.892013,-71.248,10.0,1.902718546894,2.130680312452,2018-03-17 02:00:00,tierra
-29.892013,-71.248,10.0,1.78012415673,9.031995705106,2018-03-17 03:00:00,tierra
-29.892013,-71.248,10.0,1.443141923667,14.118232663420999,2018-03-17 04:00:00,tierra
-29.892013,-71.248,10.0,1.345089421633,36.319311639417,2018-03-17 05:00:00,tierra
-29.892013,-71.248,10.0,1.492727017533,34.838883563186,2018-03-17 06:00:00,tierra
-29.892013,-71.248,10.0,1.547611206801,30.803387952056,2018-03-17 07:00:00,tierra
-29.892013,-71.248,10.0,1.5856593460980002,26.460444720415,2018-03-17 08:00:00,tierra
-29.892013,-71.248,10.0,1.4965365885589998,24.764795290865997,2018-03-17 09:00:00,tierra
-29.892013,-71.248,10.0,1.501244444413,19.432105712452,2018-03-17 10:00:00,tierra
-29.892013,-71.248,10.0,1.409187641221,14.730578515956,2018-03-17 11:00:00,tierra
-29.892013,-71.248,10.0,0.941653140584,8.502949895062999,2018-03-17 12:00:00,tierra
-29.892013,-71.248,10.0,1.350592212033,310.593965208753,2018-03-17 13:00:00,tierra
-29.892013,-71.248,10.0,2.186628271839,290.443466341176,2018-03-17 14:00:00,tierra
-29.892013,-71.248,10.0,2.9949150133480003,283.67593129326696,2018-03-17 15:00:00,tierra
-29.892013,-71.248,10.0,3.4415203656,282.411779094264,2018-03-17 16:00:00,tierra
-29.892013,-71.248,10.0,3.8035979341199995,277.926385664458,2018-03-17 17:00:00,tierra
-29.892013,-71.248,10.0,4.336696543433,276.30320695429003,2018-03-17 18:00:00,tierra
-29.892013,-71.248,10.0,4.387613086271,279.121175426012,2018-03-17 19:00:00,tierra
-29.892013,-71.248,10.0,4.165319983828,285.38390489202203,2018-03-17 20:00:00,tierra
-29.892013,-71.248,10.0,3.811183611589,301.559770052224,2018-03-17 21:00:00,tierra
-29.892013,-71.248,10.0,3.361424546028,320.031145087468,2018-03-17 22:00:00,tierra
-29.892013,-71.248,10.0,3.066391090121,335.415888973443,2018-03-17 23:00:00,tierra
-29.892013,-71.248,10.0,2.762313119151,352.918634890288,2018-03-18 00:00:00,tierra
-29.892013,-71.248,10.0,2.6885358286870003,7.205948473407,2018-03-18 01:00:00,tierra
-29.892013,-71.248,10.0,1.632808455904,13.480098022099,2018-03-18 02:00:00,tierra
-29.892013,-71.248,10.0,0.837809193518,39.651462788896,2018-03-18 03:00:00,tierra
-29.892013,-71.248,10.0,1.214118992242,34.450765463051,2018-03-18 04:00:00,tierra
-29.892013,-71.248,10.0,1.410840450179,30.247750717974,2018-03-18 05:00:00,tierra
-29.892013,-71.248,10.0,1.717534016577,14.014075622739,2018-03-18 06:00:00,tierra
-29.892013,-71.248,10.0,1.413176190933,27.00789910779,2018-03-18 07:00:00,tierra
-29.892013,-71.248,10.0,1.4926460605469998,44.526430605541,2018-03-18 08:00:00,tierra
-29.892013,-71.248,10.0,1.561788061753,51.82849291404101,2018-03-18 09:00:00,tierra
-29.892013,-71.248,10.0,1.599706320399,60.42238982037,2018-03-18 10:00:00,tierra
-29.892013,-71.248,10.0,1.6618348683750002,61.671617957535,2018-03-18 11:00:00,tierra
-29.892013,-71.248,10.0,0.91433612162,51.593612961223,2018-03-18 12:00:00,tierra
-29.892013,-71.248,10.0,1.016713834675,324.49316170931303,2018-03-18 13:00:00,tierra
-29.892013,-71.248,10.0,2.181109731375,292.93342511133096,2018-03-18 14:00:00,tierra
-29.892013,-71.248,10.0,2.850470020237,286.975603208588,2018-03-18 15:00:00,tierra
-29.892013,-71.248,10.0,3.354669635414,283.8281047123411,2018-03-18 16:00:00,tierra
-29.892013,-71.248,10.0,3.702959265839,289.092123698849,2018-03-18 17:00:00,tierra
-29.892013,-71.248,10.0,4.058359483138,280.462697842368,2018-03-18 18:00:00,tierra
-29.892013,-71.248,10.0,4.244914112338,274.021117578038,2018-03-18 19:00:00,tierra
-29.892013,-71.248,10.0,4.283906937,273.338590568121,2018-03-18 20:00:00,tierra
-29.892013,-71.248,10.0,3.712410732691,274.268499975794,2018-03-18 21:00:00,tierra
-29.892013,-71.248,10.0,3.3056120322000004,281.622251685387,2018-03-18 22:00:00,tierra
-29.892013,-71.248,10.0,2.6123819727810003,319.758338511745,2018-03-18 23:00:00,tierra
-29.892013,-71.248,10.0,2.950885007734,351.34180972839,2018-03-19 00:00:00,tierra
-29.892013,-71.248,10.0,2.912637688209,2.639599952298,2018-03-19 01:00:00,tierra
-29.892013,-71.248,10.0,2.550330058354,5.83870066158,2018-03-19 02:00:00,tierra
-29.892013,-71.248,10.0,2.270594310827,9.567140636445,2018-03-19 03:00:00,tierra
-29.892013,-71.248,10.0,2.278935610202,13.754737313139,2018-03-19 04:00:00,tierra
-29.892013,-71.248,10.0,2.131070507113,14.748236617571001,2018-03-19 05:00:00,tierra
-29.892013,-71.248,10.0,1.847525073135,11.603724777983,2018-03-19 06:00:00,tierra
-29.892013,-71.248,10.0,1.6408043438800002,14.191729006425,2018-03-19 07:00:00,tierra
-29.892013,-71.248,10.0,1.620592900781,13.705507341387,2018-03-19 08:00:00,tierra
-29.892013,-71.248,10.0,1.581736217087,16.122889635228,2018-03-19 09:00:00,tierra
-29.892013,-71.248,10.0,1.4514579455340002,22.748385038825997,2018-03-19 10:00:00,tierra
-29.892013,-71.248,10.0,1.467944798835,26.635006453404003,2018-03-19 11:00:00,tierra
-29.892013,-71.248,10.0,1.038308230077,13.05027422174,2018-03-19 12:00:00,tierra
-29.892013,-71.248,10.0,1.5129629069260002,314.395169729528,2018-03-19 13:00:00,tierra
-29.892013,-71.248,10.0,2.317166596209,286.376623446077,2018-03-19 14:00:00,tierra
-29.892013,-71.248,10.0,2.951822143431,281.300594081114,2018-03-19 15:00:00,tierra
-29.892013,-71.248,10.0,3.341862665948,279.976746645381,2018-03-19 16:00:00,tierra
-29.892013,-71.248,10.0,3.306314085407,286.75248376478,2018-03-19 17:00:00,tierra
-29.892013,-71.248,10.0,3.786489710769,272.751636802651,2018-03-19 18:00:00,tierra
-29.892013,-71.248,10.0,4.140210779548,264.277370350988,2018-03-19 19:00:00,tierra
-29.892013,-71.248,10.0,4.029349222294,262.30230914576,2018-03-19 20:00:00,tierra
-29.892013,-71.248,10.0,3.773214532881,262.591112415391,2018-03-19 21:00:00,tierra
-29.892013,-71.248,10.0,2.521851121788,261.660371190069,2018-03-19 22:00:00,tierra
-29.892013,-71.248,10.0,1.976007455011,348.827905256848,2018-03-19 23:00:00,tierra
-29.892013,-71.248,10.0,3.027034256557,355.7342513506781,2018-03-20 00:00:00,tierra
-29.917219,-71.199698,10.0,1.690059069323,265.953971750283,2018-03-15 00:00:00,aeropuerto
-29.917219,-71.199698,10.0,3.6865245158800004,289.243398526132,2018-03-15 01:00:00,aeropuerto
-29.917219,-71.199698,10.0,2.464211479316,318.82614705070097,2018-03-15 02:00:00,aeropuerto
-29.917219,-71.199698,10.0,0.940429097022,322.044897381398,2018-03-15 03:00:00,aeropuerto
-29.917219,-71.199698,10.0,0.269813074596,318.769903871863,2018-03-15 04:00:00,aeropuerto
-29.917219,-71.199698,10.0,0.424086446499,330.735480159178,2018-03-15 05:00:00,aeropuerto
-29.917219,-71.199698,10.0,0.297675080443,347.121615471356,2018-03-15 06:00:00,aeropuerto
-29.917219,-71.199698,10.0,0.386145928994,336.176270518582,2018-03-15 07:00:00,aeropuerto
-29.917219,-71.199698,10.0,0.199453719689,40.777274838320004,2018-03-15 08:00:00,aeropuerto
-29.917219,-71.199698,10.0,0.24458182274300005,67.925531792979,2018-03-15 09:00:00,aeropuerto
-29.917219,-71.199698,10.0,0.219120554006,328.961893251108,2018-03-15 10:00:00,aeropuerto
-29.917219,-71.199698,10.0,0.634217060743,283.32641137707697,2018-03-15 11:00:00,aeropuerto
-29.917219,-71.199698,10.0,1.120393560634,285.666720478313,2018-03-15 12:00:00,aeropuerto
-29.917219,-71.199698,10.0,1.948959993274,286.877072296417,2018-03-15 13:00:00,aeropuerto
-29.917219,-71.199698,10.0,3.111694915021,284.447718435587,2018-03-15 14:00:00,aeropuerto
-29.917219,-71.199698,10.0,3.896447292049,286.658752269305,2018-03-15 15:00:00,aeropuerto
-29.917219,-71.199698,10.0,4.218222974581,286.422433819441,2018-03-15 16:00:00,aeropuerto
-29.917219,-71.199698,10.0,4.274486865087,288.51342676491697,2018-03-15 17:00:00,aeropuerto
-29.917219,-71.199698,10.0,4.2406040919739985,287.746598687709,2018-03-15 18:00:00,aeropuerto
-29.917219,-71.199698,10.0,4.114779452795,291.293309949234,2018-03-15 19:00:00,aeropuerto
-29.917219,-71.199698,10.0,3.948327465721,293.516208586603,2018-03-15 20:00:00,aeropuerto
-29.917219,-71.199698,10.0,3.698708906294,295.681048434059,2018-03-15 21:00:00,aeropuerto
-29.917219,-71.199698,10.0,3.419136380995,302.080398014094,2018-03-15 22:00:00,aeropuerto
-29.917219,-71.199698,10.0,3.142891433861,310.357876002462,2018-03-15 23:00:00,aeropuerto
-29.917219,-71.199698,10.0,2.102962771092,316.423955288981,2018-03-16 00:00:00,aeropuerto
-29.917219,-71.199698,10.0,1.005231878866,320.23632398324503,2018-03-16 01:00:00,aeropuerto
-29.917219,-71.199698,10.0,0.729514559422,321.128487936124,2018-03-16 02:00:00,aeropuerto
-29.917219,-71.199698,10.0,0.249396600971,342.512681563282,2018-03-16 03:00:00,aeropuerto
-29.917219,-71.199698,10.0,0.484825606897,301.233779083951,2018-03-16 04:00:00,aeropuerto
-29.917219,-71.199698,10.0,0.8096323703039999,297.47236417702004,2018-03-16 05:00:00,aeropuerto
-29.917219,-71.199698,10.0,0.734212825247,310.878524596366,2018-03-16 06:00:00,aeropuerto
-29.917219,-71.199698,10.0,0.595617677378,306.445561633833,2018-03-16 07:00:00,aeropuerto
-29.917219,-71.199698,10.0,0.457334433237,294.64513384746004,2018-03-16 08:00:00,aeropuerto
-29.917219,-71.199698,10.0,0.347323186901,310.052089881712,2018-03-16 09:00:00,aeropuerto
-29.917219,-71.199698,10.0,0.280420302392,322.853652297957,2018-03-16 10:00:00,aeropuerto
-29.917219,-71.199698,10.0,0.324417010968,326.384058922136,2018-03-16 11:00:00,aeropuerto
-29.917219,-71.199698,10.0,0.908156741843,328.54430899044496,2018-03-16 12:00:00,aeropuerto
-29.917219,-71.199698,10.0,1.470794290729,302.258608903238,2018-03-16 13:00:00,aeropuerto
-29.917219,-71.199698,10.0,2.4312188437490003,289.852248553146,2018-03-16 14:00:00,aeropuerto
-29.917219,-71.199698,10.0,3.4243465188260003,286.026961165031,2018-03-16 15:00:00,aeropuerto
-29.917219,-71.199698,10.0,3.981653939449,286.167353766138,2018-03-16 16:00:00,aeropuerto
-29.917219,-71.199698,10.0,4.17207826641,286.9123182237591,2018-03-16 17:00:00,aeropuerto
-29.917219,-71.199698,10.0,4.246303201203,286.877262328742,2018-03-16 18:00:00,aeropuerto
-29.917219,-71.199698,10.0,4.1558445125370005,287.547616791733,2018-03-16 19:00:00,aeropuerto
-29.917219,-71.199698,10.0,4.106480228251,288.760771358025,2018-03-16 20:00:00,aeropuerto
-29.917219,-71.199698,10.0,3.852365095601,289.15903071280496,2018-03-16 21:00:00,aeropuerto
-29.917219,-71.199698,10.0,3.431244952879,292.135731656886,2018-03-16 22:00:00,aeropuerto
-29.917219,-71.199698,10.0,3.320182134148,296.058206315254,2018-03-16 23:00:00,aeropuerto
-29.917219,-71.199698,10.0,2.990956183537,305.577530802307,2018-03-17 00:00:00,aeropuerto
-29.917219,-71.199698,10.0,1.952870038242,323.72952335214,2018-03-17 01:00:00,aeropuerto
-29.917219,-71.199698,10.0,1.306797300798,337.06388197245604,2018-03-17 02:00:00,aeropuerto
-29.917219,-71.199698,10.0,0.6759098868340001,350.899829284116,2018-03-17 03:00:00,aeropuerto
-29.917219,-71.199698,10.0,0.331548772123,37.746649619835,2018-03-17 04:00:00,aeropuerto
-29.917219,-71.199698,10.0,0.477927413652,95.13568758312,2018-03-17 05:00:00,aeropuerto
-29.917219,-71.199698,10.0,0.459462135278,102.702634304326,2018-03-17 06:00:00,aeropuerto
-29.917219,-71.199698,10.0,0.404395017895,109.68452182012501,2018-03-17 07:00:00,aeropuerto
-29.917219,-71.199698,10.0,0.387647530713,106.702643106057,2018-03-17 08:00:00,aeropuerto
-29.917219,-71.199698,10.0,0.388702714864,112.962664686084,2018-03-17 09:00:00,aeropuerto
-29.917219,-71.199698,10.0,0.367754823574,109.530605106661,2018-03-17 10:00:00,aeropuerto
-29.917219,-71.199698,10.0,0.035191564947,180.966602965281,2018-03-17 11:00:00,aeropuerto
-29.917219,-71.199698,10.0,0.502394832628,312.102198918454,2018-03-17 12:00:00,aeropuerto
-29.917219,-71.199698,10.0,1.486432695517,297.718903532834,2018-03-17 13:00:00,aeropuerto
-29.917219,-71.199698,10.0,2.503438620437,291.849796535726,2018-03-17 14:00:00,aeropuerto
-29.917219,-71.199698,10.0,3.815921851226,285.914947002052,2018-03-17 15:00:00,aeropuerto
-29.917219,-71.199698,10.0,4.642315894969999,286.334163577987,2018-03-17 16:00:00,aeropuerto
-29.917219,-71.199698,10.0,4.912920311162,289.738570795432,2018-03-17 17:00:00,aeropuerto
-29.917219,-71.199698,10.0,5.339696557945,290.324945230756,2018-03-17 18:00:00,aeropuerto
-29.917219,-71.199698,10.0,5.410127088415999,292.1703474258,2018-03-17 19:00:00,aeropuerto
-29.917219,-71.199698,10.0,5.3866292982260005,296.10376158107397,2018-03-17 20:00:00,aeropuerto
-29.917219,-71.199698,10.0,5.132882067263,305.325479377678,2018-03-17 21:00:00,aeropuerto
-29.917219,-71.199698,10.0,4.80628095869,316.542723294872,2018-03-17 22:00:00,aeropuerto
-29.917219,-71.199698,10.0,3.685046121187,321.893502838386,2018-03-17 23:00:00,aeropuerto
-29.917219,-71.199698,10.0,2.18749050288,332.95873072972,2018-03-18 00:00:00,aeropuerto
-29.917219,-71.199698,10.0,0.964864976844,346.079779744197,2018-03-18 01:00:00,aeropuerto
-29.917219,-71.199698,10.0,0.411937141419,351.08207882030297,2018-03-18 02:00:00,aeropuerto
-29.917219,-71.199698,10.0,0.446667397425,326.549642731097,2018-03-18 03:00:00,aeropuerto
-29.917219,-71.199698,10.0,0.5512025314819999,287.42280459487597,2018-03-18 04:00:00,aeropuerto
-29.917219,-71.199698,10.0,0.200726789512,280.00784038329897,2018-03-18 05:00:00,aeropuerto
-29.917219,-71.199698,10.0,0.453662938072,47.19873945177101,2018-03-18 06:00:00,aeropuerto
-29.917219,-71.199698,10.0,0.448142678703,100.410558009984,2018-03-18 07:00:00,aeropuerto
-29.917219,-71.199698,10.0,0.929523367394,115.648761296881,2018-03-18 08:00:00,aeropuerto
-29.917219,-71.199698,10.0,1.1889123428,118.60365654075899,2018-03-18 09:00:00,aeropuerto
-29.917219,-71.199698,10.0,1.371028488233,118.17604538050301,2018-03-18 10:00:00,aeropuerto
-29.917219,-71.199698,10.0,1.213825383728,114.68914672227699,2018-03-18 11:00:00,aeropuerto
-29.917219,-71.199698,10.0,0.472430309641,90.822630228166,2018-03-18 12:00:00,aeropuerto
-29.917219,-71.199698,10.0,1.1473588773,308.873155562144,2018-03-18 13:00:00,aeropuerto
-29.917219,-71.199698,10.0,2.249896869716,295.83769186937803,2018-03-18 14:00:00,aeropuerto
-29.917219,-71.199698,10.0,3.456257830194,291.365117216782,2018-03-18 15:00:00,aeropuerto
-29.917219,-71.199698,10.0,4.336072339099,288.541619739611,2018-03-18 16:00:00,aeropuerto
-29.917219,-71.199698,10.0,4.762409959536,292.518687751446,2018-03-18 17:00:00,aeropuerto
-29.917219,-71.199698,10.0,5.003681067088,291.110478439354,2018-03-18 18:00:00,aeropuerto
-29.917219,-71.199698,10.0,5.119378081217,291.646707411671,2018-03-18 19:00:00,aeropuerto
-29.917219,-71.199698,10.0,5.093623862375,291.41818275038503,2018-03-18 20:00:00,aeropuerto
-29.917219,-71.199698,10.0,4.626040944295,295.255181346204,2018-03-18 21:00:00,aeropuerto
-29.917219,-71.199698,10.0,4.100834609474,301.855365267181,2018-03-18 22:00:00,aeropuerto
-29.917219,-71.199698,10.0,3.4324648737260004,316.992769435502,2018-03-18 23:00:00,aeropuerto
-29.917219,-71.199698,10.0,2.46399912,331.448718687616,2018-03-19 00:00:00,aeropuerto
-29.917219,-71.199698,10.0,1.42575356992,337.772815248646,2018-03-19 01:00:00,aeropuerto
-29.917219,-71.199698,10.0,1.003462134008,340.07456542116404,2018-03-19 02:00:00,aeropuerto
-29.917219,-71.199698,10.0,0.5016823673740001,351.739532917099,2018-03-19 03:00:00,aeropuerto
-29.917219,-71.199698,10.0,0.585528239786,353.966609777987,2018-03-19 04:00:00,aeropuerto
-29.917219,-71.199698,10.0,0.394914366878,358.138314632855,2018-03-19 05:00:00,aeropuerto
-29.917219,-71.199698,10.0,0.252695872665,7.641255229417,2018-03-19 06:00:00,aeropuerto
-29.917219,-71.199698,10.0,0.143093858693,50.268664692487,2018-03-19 07:00:00,aeropuerto
-29.917219,-71.199698,10.0,0.130103477883,8.467168355782,2018-03-19 08:00:00,aeropuerto
-29.917219,-71.199698,10.0,0.084075654365,26.283156655577002,2018-03-19 09:00:00,aeropuerto
-29.917219,-71.199698,10.0,0.19763215573,123.39357625182,2018-03-19 10:00:00,aeropuerto
-29.917219,-71.199698,10.0,0.21629935814800005,130.042693732559,2018-03-19 11:00:00,aeropuerto
-29.917219,-71.199698,10.0,0.311211026469,11.319235069753999,2018-03-19 12:00:00,aeropuerto
-29.917219,-71.199698,10.0,1.389497422072,303.320488925136,2018-03-19 13:00:00,aeropuerto
-29.917219,-71.199698,10.0,2.533878897675,292.725570052891,2018-03-19 14:00:00,aeropuerto
-29.917219,-71.199698,10.0,3.653534389983,287.113095562347,2018-03-19 15:00:00,aeropuerto
-29.917219,-71.199698,10.0,4.285283049996,286.90732350926703,2018-03-19 16:00:00,aeropuerto
-29.917219,-71.199698,10.0,4.538707515248,292.216867417468,2018-03-19 17:00:00,aeropuerto
-29.917219,-71.199698,10.0,4.815216786511,292.136524428842,2018-03-19 18:00:00,aeropuerto
-29.917219,-71.199698,10.0,4.846990625285001,292.701134918177,2018-03-19 19:00:00,aeropuerto
-29.917219,-71.199698,10.0,4.780995352684,293.05595991026297,2018-03-19 20:00:00,aeropuerto
-29.917219,-71.199698,10.0,4.621426064026,294.872484204358,2018-03-19 21:00:00,aeropuerto
-29.917219,-71.199698,10.0,3.995054193004,302.370457614258,2018-03-19 22:00:00,aeropuerto
-29.917219,-71.199698,10.0,3.559711290871,324.957630939282,2018-03-19 23:00:00,aeropuerto
-29.917219,-71.199698,10.0,2.906400101475,330.207265856857,2018-03-20 00:00:00,aeropuerto
-29.892264,-71.196425,10.0,1.613851834258,263.73856814823,2018-03-15 00:00:00,cerro1
-29.892264,-71.196425,10.0,4.413399110915,298.446897227237,2018-03-15 01:00:00,cerro1
-29.892264,-71.196425,10.0,3.960705337414,321.357963297019,2018-03-15 02:00:00,cerro1
-29.892264,-71.196425,10.0,1.844730515292,335.42103833197996,2018-03-15 03:00:00,cerro1
-29.892264,-71.196425,10.0,0.261361470785,43.179618106705,2018-03-15 04:00:00,cerro1
-29.892264,-71.196425,10.0,0.148591496395,22.308148251093,2018-03-15 05:00:00,cerro1
-29.892264,-71.196425,10.0,0.299114152217,17.585506233573,2018-03-15 06:00:00,cerro1
-29.892264,-71.196425,10.0,0.7370283381820001,343.82142263642095,2018-03-15 07:00:00,cerro1
-29.892264,-71.196425,10.0,0.187503880175,34.858040403366,2018-03-15 08:00:00,cerro1
-29.892264,-71.196425,10.0,0.245582125371,36.69857906958,2018-03-15 09:00:00,cerro1
-29.892264,-71.196425,10.0,0.251824145624,309.92439278093497,2018-03-15 10:00:00,cerro1
-29.892264,-71.196425,10.0,0.445698574118,296.799982505379,2018-03-15 11:00:00,cerro1
-29.892264,-71.196425,10.0,0.611859365243,269.555377825998,2018-03-15 12:00:00,cerro1
-29.892264,-71.196425,10.0,1.818514228911,264.254490849791,2018-03-15 13:00:00,cerro1
-29.892264,-71.196425,10.0,3.293793455347,274.292642597215,2018-03-15 14:00:00,cerro1
-29.892264,-71.196425,10.0,4.186641327881,279.04410380000303,2018-03-15 15:00:00,cerro1
-29.892264,-71.196425,10.0,4.485298275383,277.74786933289903,2018-03-15 16:00:00,cerro1
-29.892264,-71.196425,10.0,4.862367198385,279.336572714279,2018-03-15 17:00:00,cerro1
-29.892264,-71.196425,10.0,4.885340418013,278.00850360914296,2018-03-15 18:00:00,cerro1
-29.892264,-71.196425,10.0,4.711594171104,281.079632290976,2018-03-15 19:00:00,cerro1
-29.892264,-71.196425,10.0,4.448569686949,282.73242013772096,2018-03-15 20:00:00,cerro1
-29.892264,-71.196425,10.0,4.257659895819,284.969342984438,2018-03-15 21:00:00,cerro1
-29.892264,-71.196425,10.0,4.068840241663,293.19776084684503,2018-03-15 22:00:00,cerro1
-29.892264,-71.196425,10.0,4.166570059744,309.35014912449503,2018-03-15 23:00:00,cerro1
-29.892264,-71.196425,10.0,3.514971520806,319.88638672713796,2018-03-16 00:00:00,cerro1
-29.892264,-71.196425,10.0,2.304862742352,328.402311999488,2018-03-16 01:00:00,cerro1
-29.892264,-71.196425,10.0,1.369369752014,346.010827288163,2018-03-16 02:00:00,cerro1
-29.892264,-71.196425,10.0,0.404132461953,30.645758168040004,2018-03-16 03:00:00,cerro1
-29.892264,-71.196425,10.0,0.404171332372,308.91085660153,2018-03-16 04:00:00,cerro1
-29.892264,-71.196425,10.0,1.068584436999,307.994859500212,2018-03-16 05:00:00,cerro1
-29.892264,-71.196425,10.0,1.7672213827790002,328.415915261226,2018-03-16 06:00:00,cerro1
-29.892264,-71.196425,10.0,1.674557497071,328.23537534676996,2018-03-16 07:00:00,cerro1
-29.892264,-71.196425,10.0,1.117594837774,322.571611851295,2018-03-16 08:00:00,cerro1
-29.892264,-71.196425,10.0,0.929816657991,330.623185471729,2018-03-16 09:00:00,cerro1
-29.892264,-71.196425,10.0,1.121678464301,338.154797325934,2018-03-16 10:00:00,cerro1
-29.892264,-71.196425,10.0,1.429282957274,338.38804752631,2018-03-16 11:00:00,cerro1
-29.892264,-71.196425,10.0,1.145786613284,303.053016938916,2018-03-16 12:00:00,cerro1
-29.892264,-71.196425,10.0,2.288480349029,280.46314122558204,2018-03-16 13:00:00,cerro1
-29.892264,-71.196425,10.0,2.890782563438,270.398853933722,2018-03-16 14:00:00,cerro1
-29.892264,-71.196425,10.0,3.669747786339,273.854244633335,2018-03-16 15:00:00,cerro1
-29.892264,-71.196425,10.0,4.317840358121,275.956784962433,2018-03-16 16:00:00,cerro1
-29.892264,-71.196425,10.0,4.768347758243,278.852962485143,2018-03-16 17:00:00,cerro1
-29.892264,-71.196425,10.0,4.850225324056,280.719289294168,2018-03-16 18:00:00,cerro1
-29.892264,-71.196425,10.0,4.564034736587,281.399431681772,2018-03-16 19:00:00,cerro1
-29.892264,-71.196425,10.0,4.504776412602,283.813845352797,2018-03-16 20:00:00,cerro1
-29.892264,-71.196425,10.0,4.347425837457,284.401640844543,2018-03-16 21:00:00,cerro1
-29.892264,-71.196425,10.0,3.878227688922,284.732554946269,2018-03-16 22:00:00,cerro1
-29.892264,-71.196425,10.0,3.716631623734,294.396334701093,2018-03-16 23:00:00,cerro1
-29.892264,-71.196425,10.0,3.415332817622,312.178682259826,2018-03-17 00:00:00,cerro1
-29.892264,-71.196425,10.0,2.590031455056,319.598753672481,2018-03-17 01:00:00,cerro1
-29.892264,-71.196425,10.0,2.137097795547,327.74646517069,2018-03-17 02:00:00,cerro1
-29.892264,-71.196425,10.0,1.645612273238,346.80254771401604,2018-03-17 03:00:00,cerro1
-29.892264,-71.196425,10.0,1.14561423411,2.182371446155,2018-03-17 04:00:00,cerro1
-29.892264,-71.196425,10.0,0.948142674349,0.8366001429090001,2018-03-17 05:00:00,cerro1
-29.892264,-71.196425,10.0,0.980537086806,346.391010594801,2018-03-17 06:00:00,cerro1
-29.892264,-71.196425,10.0,0.835473693981,342.152741751661,2018-03-17 07:00:00,cerro1
-29.892264,-71.196425,10.0,0.92295581909,343.265708476837,2018-03-17 08:00:00,cerro1
-29.892264,-71.196425,10.0,0.9550229402200001,342.429524047795,2018-03-17 09:00:00,cerro1
-29.892264,-71.196425,10.0,0.673375979421,342.727385822132,2018-03-17 10:00:00,cerro1
-29.892264,-71.196425,10.0,1.136106645033,327.386389736219,2018-03-17 11:00:00,cerro1
-29.892264,-71.196425,10.0,1.17980765782,305.528841821212,2018-03-17 12:00:00,cerro1
-29.892264,-71.196425,10.0,2.131956535751,279.032816517651,2018-03-17 13:00:00,cerro1
-29.892264,-71.196425,10.0,2.978104692082,272.37566175359404,2018-03-17 14:00:00,cerro1
-29.892264,-71.196425,10.0,4.310961532734,277.539581107056,2018-03-17 15:00:00,cerro1
-29.892264,-71.196425,10.0,5.143017019651,280.64797771352903,2018-03-17 16:00:00,cerro1
-29.892264,-71.196425,10.0,5.485757289978,283.1178350082,2018-03-17 17:00:00,cerro1
-29.892264,-71.196425,10.0,5.7252181733650005,283.93940555339697,2018-03-17 18:00:00,cerro1
-29.892264,-71.196425,10.0,5.908937219324,284.51126273696605,2018-03-17 19:00:00,cerro1
-29.892264,-71.196425,10.0,5.998739070469999,289.970071372993,2018-03-17 20:00:00,cerro1
-29.892264,-71.196425,10.0,5.863099911711,298.605642840087,2018-03-17 21:00:00,cerro1
-29.892264,-71.196425,10.0,5.544790758223,314.068604473807,2018-03-17 22:00:00,cerro1
-29.892264,-71.196425,10.0,4.961416666333,324.675776419425,2018-03-17 23:00:00,cerro1
-29.892264,-71.196425,10.0,3.724663324063,334.552074533137,2018-03-18 00:00:00,cerro1
-29.892264,-71.196425,10.0,2.394251762674,344.534257810438,2018-03-18 01:00:00,cerro1
-29.892264,-71.196425,10.0,0.956063202607,14.262296546601,2018-03-18 02:00:00,cerro1
-29.892264,-71.196425,10.0,0.657745890584,58.829411348269,2018-03-18 03:00:00,cerro1
-29.892264,-71.196425,10.0,0.52315353318,32.093470854407,2018-03-18 04:00:00,cerro1
-29.892264,-71.196425,10.0,0.357478737798,6.103750212894,2018-03-18 05:00:00,cerro1
-29.892264,-71.196425,10.0,0.90744397172,11.107467977196,2018-03-18 06:00:00,cerro1
-29.892264,-71.196425,10.0,1.874296708715,343.046404014072,2018-03-18 07:00:00,cerro1
-29.892264,-71.196425,10.0,1.419967184647,345.161580918366,2018-03-18 08:00:00,cerro1
-29.892264,-71.196425,10.0,0.8412462255069999,350.6733086714541,2018-03-18 09:00:00,cerro1
-29.892264,-71.196425,10.0,0.633197310653,4.6950729342290005,2018-03-18 10:00:00,cerro1
-29.892264,-71.196425,10.0,0.626813213373,16.265827330752998,2018-03-18 11:00:00,cerro1
-29.892264,-71.196425,10.0,0.384953880087,321.513013618412,2018-03-18 12:00:00,cerro1
-29.892264,-71.196425,10.0,1.70702494191,272.918445597351,2018-03-18 13:00:00,cerro1
-29.892264,-71.196425,10.0,2.73749818198,273.265772861381,2018-03-18 14:00:00,cerro1
-29.892264,-71.196425,10.0,3.953018291869,279.309154654142,2018-03-18 15:00:00,cerro1
-29.892264,-71.196425,10.0,4.899467622167999,281.371822286392,2018-03-18 16:00:00,cerro1
-29.892264,-71.196425,10.0,5.446995285737,285.09629941869304,2018-03-18 17:00:00,cerro1
-29.892264,-71.196425,10.0,5.77877581166,283.757154037526,2018-03-18 18:00:00,cerro1
-29.892264,-71.196425,10.0,5.74172124244,284.414584457692,2018-03-18 19:00:00,cerro1
-29.892264,-71.196425,10.0,5.782167041562,286.412327359496,2018-03-18 20:00:00,cerro1
-29.892264,-71.196425,10.0,5.393283417869,293.232378480815,2018-03-18 21:00:00,cerro1
-29.892264,-71.196425,10.0,5.07426250483,301.541301068134,2018-03-18 22:00:00,cerro1
-29.892264,-71.196425,10.0,4.678988242968,317.081052680945,2018-03-18 23:00:00,cerro1
-29.892264,-71.196425,10.0,4.051825160364,330.876350556114,2018-03-19 00:00:00,cerro1
-29.892264,-71.196425,10.0,3.219054217066,341.543596521391,2018-03-19 01:00:00,cerro1
-29.892264,-71.196425,10.0,2.226974877036,343.763378787903,2018-03-19 02:00:00,cerro1
-29.892264,-71.196425,10.0,1.295168294851,1.749117005219,2018-03-19 03:00:00,cerro1
-29.892264,-71.196425,10.0,1.244680608612,2.8853972943730004,2018-03-19 04:00:00,cerro1
-29.892264,-71.196425,10.0,1.911584275227,349.482240063496,2018-03-19 05:00:00,cerro1
-29.892264,-71.196425,10.0,1.668665783087,348.51541547797206,2018-03-19 06:00:00,cerro1
-29.892264,-71.196425,10.0,1.364933723652,347.265661166999,2018-03-19 07:00:00,cerro1
-29.892264,-71.196425,10.0,1.787459848378,336.743327898482,2018-03-19 08:00:00,cerro1
-29.892264,-71.196425,10.0,2.033723355071,334.167233086087,2018-03-19 09:00:00,cerro1
-29.892264,-71.196425,10.0,1.6119634452520002,335.545057146011,2018-03-19 10:00:00,cerro1
-29.892264,-71.196425,10.0,1.471664818698,336.573164702038,2018-03-19 11:00:00,cerro1
-29.892264,-71.196425,10.0,0.865739365999,307.0268565637969,2018-03-19 12:00:00,cerro1
-29.892264,-71.196425,10.0,2.056021873637,279.989089959614,2018-03-19 13:00:00,cerro1
-29.892264,-71.196425,10.0,3.095173385154,273.087852989572,2018-03-19 14:00:00,cerro1
-29.892264,-71.196425,10.0,4.09804522698,275.022244419532,2018-03-19 15:00:00,cerro1
-29.892264,-71.196425,10.0,4.778329542235,279.775286665684,2018-03-19 16:00:00,cerro1
-29.892264,-71.196425,10.0,5.186966693601,284.19079175343103,2018-03-19 17:00:00,cerro1
-29.892264,-71.196425,10.0,5.352849027472,287.17381839274,2018-03-19 18:00:00,cerro1
-29.892264,-71.196425,10.0,5.413364044673001,288.187189295473,2018-03-19 19:00:00,cerro1
-29.892264,-71.196425,10.0,5.380838425264,291.725261754706,2018-03-19 20:00:00,cerro1
-29.892264,-71.196425,10.0,5.068897899813,297.497712574663,2018-03-19 21:00:00,cerro1
-29.892264,-71.196425,10.0,4.789487754061,310.537509512892,2018-03-19 22:00:00,cerro1
-29.892264,-71.196425,10.0,5.011413764485,328.186239733695,2018-03-19 23:00:00,cerro1
-29.892264,-71.196425,10.0,4.415658134437,334.040314219324,2018-03-20 00:00:00,cerro1
-29.945426,-71.196584,10.0,1.696300407078,266.93620409306703,2018-03-15 00:00:00,cerro2
-29.945426,-71.196584,10.0,3.532591474752,269.583481745559,2018-03-15 01:00:00,cerro2
-29.945426,-71.196584,10.0,0.915843774266,314.64414859476,2018-03-15 02:00:00,cerro2
-29.945426,-71.196584,10.0,0.414133702542,136.020369882301,2018-03-15 03:00:00,cerro2
-29.945426,-71.196584,10.0,0.756337220877,181.38943717393903,2018-03-15 04:00:00,cerro2
-29.945426,-71.196584,10.0,0.55992048923,223.246184770518,2018-03-15 05:00:00,cerro2
-29.945426,-71.196584,10.0,0.778747360808,232.07050784297297,2018-03-15 06:00:00,cerro2
-29.945426,-71.196584,10.0,0.655276852861,226.86829481534198,2018-03-15 07:00:00,cerro2
-29.945426,-71.196584,10.0,0.506377316096,170.602091931986,2018-03-15 08:00:00,cerro2
-29.945426,-71.196584,10.0,0.377746328802,159.97801199750901,2018-03-15 09:00:00,cerro2
-29.945426,-71.196584,10.0,0.37020314238,225.48029468252003,2018-03-15 10:00:00,cerro2
-29.945426,-71.196584,10.0,1.074373498905,242.39489515628503,2018-03-15 11:00:00,cerro2
-29.945426,-71.196584,10.0,1.430777830443,256.753265554275,2018-03-15 12:00:00,cerro2
-29.945426,-71.196584,10.0,1.928280542106,281.12243436247,2018-03-15 13:00:00,cerro2
-29.945426,-71.196584,10.0,3.196535912795,266.564611497219,2018-03-15 14:00:00,cerro2
-29.945426,-71.196584,10.0,4.01635776946,267.385165345116,2018-03-15 15:00:00,cerro2
-29.945426,-71.196584,10.0,4.472121770526,268.153986521423,2018-03-15 16:00:00,cerro2
-29.945426,-71.196584,10.0,4.302399691981,281.011173034625,2018-03-15 17:00:00,cerro2
-29.945426,-71.196584,10.0,4.084818306130001,282.481121403889,2018-03-15 18:00:00,cerro2
-29.945426,-71.196584,10.0,3.8877635778,288.7041117672061,2018-03-15 19:00:00,cerro2
-29.945426,-71.196584,10.0,3.734977872495,293.446959625154,2018-03-15 20:00:00,cerro2
-29.945426,-71.196584,10.0,3.533982568972,295.351290708747,2018-03-15 21:00:00,cerro2
-29.945426,-71.196584,10.0,3.125845935226,300.590392572882,2018-03-15 22:00:00,cerro2
-29.945426,-71.196584,10.0,2.198940394776,298.937128120837,2018-03-15 23:00:00,cerro2
-29.945426,-71.196584,10.0,0.928510674349,310.246488841827,2018-03-16 00:00:00,cerro2
-29.945426,-71.196584,10.0,0.29743995979000004,325.1078612658671,2018-03-16 01:00:00,cerro2
-29.945426,-71.196584,10.0,0.314043083107,240.511507675378,2018-03-16 02:00:00,cerro2
-29.945426,-71.196584,10.0,0.348696392623,211.39674729838,2018-03-16 03:00:00,cerro2
-29.945426,-71.196584,10.0,0.6494754490510001,249.639248641787,2018-03-16 04:00:00,cerro2
-29.945426,-71.196584,10.0,0.905400922681,252.698029380022,2018-03-16 05:00:00,cerro2
-29.945426,-71.196584,10.0,0.4307120561860001,240.691878448405,2018-03-16 06:00:00,cerro2
-29.945426,-71.196584,10.0,0.384869951083,208.505337560783,2018-03-16 07:00:00,cerro2
-29.945426,-71.196584,10.0,0.489316597058,209.13240042060505,2018-03-16 08:00:00,cerro2
-29.945426,-71.196584,10.0,0.451018994331,211.097403568226,2018-03-16 09:00:00,cerro2
-29.945426,-71.196584,10.0,0.473264785507,204.081368336634,2018-03-16 10:00:00,cerro2
-29.945426,-71.196584,10.0,0.4592635164940001,211.412526897019,2018-03-16 11:00:00,cerro2
-29.945426,-71.196584,10.0,0.5107092948849999,299.64327343346,2018-03-16 12:00:00,cerro2
-29.945426,-71.196584,10.0,1.347078891284,324.62207669689303,2018-03-16 13:00:00,cerro2
-29.945426,-71.196584,10.0,2.442566750234,291.032735831357,2018-03-16 14:00:00,cerro2
-29.945426,-71.196584,10.0,3.51348871926,272.739167711625,2018-03-16 15:00:00,cerro2
-29.945426,-71.196584,10.0,4.016787309272,274.4037263349,2018-03-16 16:00:00,cerro2
-29.945426,-71.196584,10.0,3.984628208251,280.880725402447,2018-03-16 17:00:00,cerro2
-29.945426,-71.196584,10.0,3.938408651151,279.09052004187697,2018-03-16 18:00:00,cerro2
-29.945426,-71.196584,10.0,3.944397796895,277.610484787894,2018-03-16 19:00:00,cerro2
-29.945426,-71.196584,10.0,3.824316676373,280.567074014057,2018-03-16 20:00:00,cerro2
-29.945426,-71.196584,10.0,3.472875696342,283.07078685001596,2018-03-16 21:00:00,cerro2
-29.945426,-71.196584,10.0,3.115660415114,287.902200518665,2018-03-16 22:00:00,cerro2
-29.945426,-71.196584,10.0,2.9490077170410003,283.287574818203,2018-03-16 23:00:00,cerro2
-29.945426,-71.196584,10.0,2.503394144145,281.959484762685,2018-03-17 00:00:00,cerro2
-29.945426,-71.196584,10.0,1.154602737855,318.928093130941,2018-03-17 01:00:00,cerro2
-29.945426,-71.196584,10.0,0.580767471229,337.065066025304,2018-03-17 02:00:00,cerro2
-29.945426,-71.196584,10.0,0.255158807999,113.166121602816,2018-03-17 03:00:00,cerro2
-29.945426,-71.196584,10.0,0.380649013092,147.519040475049,2018-03-17 04:00:00,cerro2
-29.945426,-71.196584,10.0,0.61239887782,148.097843256618,2018-03-17 05:00:00,cerro2
-29.945426,-71.196584,10.0,0.697390286567,143.41730889735902,2018-03-17 06:00:00,cerro2
-29.945426,-71.196584,10.0,0.696780900416,147.602374839665,2018-03-17 07:00:00,cerro2
-29.945426,-71.196584,10.0,0.6541049438000001,142.810374405397,2018-03-17 08:00:00,cerro2
-29.945426,-71.196584,10.0,0.757627462877,141.317457920101,2018-03-17 09:00:00,cerro2
-29.945426,-71.196584,10.0,0.719776699541,142.916767809829,2018-03-17 10:00:00,cerro2
-29.945426,-71.196584,10.0,0.565498834384,174.112666995709,2018-03-17 11:00:00,cerro2
-29.945426,-71.196584,10.0,0.469557001616,250.90499649231097,2018-03-17 12:00:00,cerro2
-29.945426,-71.196584,10.0,1.477094897585,313.20940543440497,2018-03-17 13:00:00,cerro2
-29.945426,-71.196584,10.0,2.500324002804,295.549640629128,2018-03-17 14:00:00,cerro2
-29.945426,-71.196584,10.0,3.607541777592,281.00269438453,2018-03-17 15:00:00,cerro2
-29.945426,-71.196584,10.0,4.356079461801,279.237431961467,2018-03-17 16:00:00,cerro2
-29.945426,-71.196584,10.0,4.667330625342,288.06172909299704,2018-03-17 17:00:00,cerro2
-29.945426,-71.196584,10.0,5.075833061361,292.12518065848,2018-03-17 18:00:00,cerro2
-29.945426,-71.196584,10.0,5.096060903636,297.04210773521,2018-03-17 19:00:00,cerro2
-29.945426,-71.196584,10.0,4.987253518742,300.705154570518,2018-03-17 20:00:00,cerro2
-29.945426,-71.196584,10.0,4.661735557368,311.326107428547,2018-03-17 21:00:00,cerro2
-29.945426,-71.196584,10.0,4.040981616795,326.634695410966,2018-03-17 22:00:00,cerro2
-29.945426,-71.196584,10.0,2.576957125935,329.07693828095796,2018-03-17 23:00:00,cerro2
-29.945426,-71.196584,10.0,1.346205121792,347.77443777385696,2018-03-18 00:00:00,cerro2
-29.945426,-71.196584,10.0,0.20053641475,35.019424570253,2018-03-18 01:00:00,cerro2
-29.945426,-71.196584,10.0,0.495515294245,251.46119078485802,2018-03-18 02:00:00,cerro2
-29.945426,-71.196584,10.0,0.974789777214,223.165497242403,2018-03-18 03:00:00,cerro2
-29.945426,-71.196584,10.0,1.626768593646,214.20971907811,2018-03-18 04:00:00,cerro2
-29.945426,-71.196584,10.0,1.128918901236,214.87422012319198,2018-03-18 05:00:00,cerro2
-29.945426,-71.196584,10.0,0.496212322343,189.469594131885,2018-03-18 06:00:00,cerro2
-29.945426,-71.196584,10.0,1.090057218827,137.06650080744498,2018-03-18 07:00:00,cerro2
-29.945426,-71.196584,10.0,1.492894756611,130.53771963553498,2018-03-18 08:00:00,cerro2
-29.945426,-71.196584,10.0,1.698642904252,134.81026885043198,2018-03-18 09:00:00,cerro2
-29.945426,-71.196584,10.0,1.753550413712,137.868155000107,2018-03-18 10:00:00,cerro2
-29.945426,-71.196584,10.0,1.6075836804969998,146.374949311294,2018-03-18 11:00:00,cerro2
-29.945426,-71.196584,10.0,0.537771680948,151.790747380009,2018-03-18 12:00:00,cerro2
-29.945426,-71.196584,10.0,1.18392306168,326.55720649153704,2018-03-18 13:00:00,cerro2
-29.945426,-71.196584,10.0,2.142899606828,316.402963374014,2018-03-18 14:00:00,cerro2
-29.945426,-71.196584,10.0,3.164505981951,291.988783498118,2018-03-18 15:00:00,cerro2
-29.945426,-71.196584,10.0,3.963019395026,285.15119715921,2018-03-18 16:00:00,cerro2
-29.945426,-71.196584,10.0,4.416488985871,289.80748620622995,2018-03-18 17:00:00,cerro2
-29.945426,-71.196584,10.0,4.646440760382,293.14100350427896,2018-03-18 18:00:00,cerro2
-29.945426,-71.196584,10.0,4.882907608848,296.282834370657,2018-03-18 19:00:00,cerro2
-29.945426,-71.196584,10.0,4.753543524768999,299.646507675907,2018-03-18 20:00:00,cerro2
-29.945426,-71.196584,10.0,4.187982265137,303.53859300999,2018-03-18 21:00:00,cerro2
-29.945426,-71.196584,10.0,3.38591096465,309.683185093122,2018-03-18 22:00:00,cerro2
-29.945426,-71.196584,10.0,2.155317444864,328.951761087624,2018-03-18 23:00:00,cerro2
-29.945426,-71.196584,10.0,0.8500363360750001,9.917314931475,2018-03-19 00:00:00,cerro2
-29.945426,-71.196584,10.0,0.32902569574900004,64.477573158458,2018-03-19 01:00:00,cerro2
-29.945426,-71.196584,10.0,0.31263801926,157.605007283595,2018-03-19 02:00:00,cerro2
-29.945426,-71.196584,10.0,0.512225956485,165.919670401299,2018-03-19 03:00:00,cerro2
-29.945426,-71.196584,10.0,0.501224759863,204.896489942986,2018-03-19 04:00:00,cerro2
-29.945426,-71.196584,10.0,0.547969134771,172.56708983236302,2018-03-19 05:00:00,cerro2
-29.945426,-71.196584,10.0,0.661196265168,156.590819475181,2018-03-19 06:00:00,cerro2
-29.945426,-71.196584,10.0,0.691986216144,151.7849681501,2018-03-19 07:00:00,cerro2
-29.945426,-71.196584,10.0,0.542033044266,149.17721924899402,2018-03-19 08:00:00,cerro2
-29.945426,-71.196584,10.0,0.5733488162529999,144.81169541863,2018-03-19 09:00:00,cerro2
-29.945426,-71.196584,10.0,0.7011348741750001,156.543177881808,2018-03-19 10:00:00,cerro2
-29.945426,-71.196584,10.0,0.710302045916,170.758779312254,2018-03-19 11:00:00,cerro2
-29.945426,-71.196584,10.0,0.156959609024,195.408231057412,2018-03-19 12:00:00,cerro2
-29.945426,-71.196584,10.0,1.330568409865,324.617299461045,2018-03-19 13:00:00,cerro2
-29.945426,-71.196584,10.0,2.544499027438,301.25148691461203,2018-03-19 14:00:00,cerro2
-29.945426,-71.196584,10.0,3.607005613237,283.84060128129903,2018-03-19 15:00:00,cerro2
-29.945426,-71.196584,10.0,4.0509365102890005,282.01657409305597,2018-03-19 16:00:00,cerro2
-29.945426,-71.196584,10.0,4.287180058956,288.505609958537,2018-03-19 17:00:00,cerro2
-29.945426,-71.196584,10.0,4.619650153321,290.72791587972097,2018-03-19 18:00:00,cerro2
-29.945426,-71.196584,10.0,4.660927694094,296.805395052184,2018-03-19 19:00:00,cerro2
-29.945426,-71.196584,10.0,4.532536877871999,298.94553626661,2018-03-19 20:00:00,cerro2
-29.945426,-71.196584,10.0,4.620078827469,301.654056603281,2018-03-19 21:00:00,cerro2
-29.945426,-71.196584,10.0,3.830009385224,306.126193165427,2018-03-19 22:00:00,cerro2
-29.945426,-71.196584,10.0,3.219055641772,341.502223434733,2018-03-19 23:00:00,cerro2
-29.945426,-71.196584,10.0,1.166303454396,336.33674794208696,2018-03-20 00:00:00,cerro2
