date,lat,lon,name,wind_dir,wind_speed
2018-03-15 00:00:00,-29.917965,-71.237732,ceaza,256.8725280761719,1.7428796291351318
2018-03-15 00:00:00,-29.935963,-71.227356,cerrogrande,260.0345764160156,1.7257791757583618
2018-03-15 00:00:00,-29.891006,-71.299988,mar1,239.4263458251953,2.1930463314056396
2018-03-15 00:00:00,-29.926971,-71.299988,mar2,240.8682403564453,2.208885908126831
2018-03-15 00:00:00,-29.890984,-71.248138,tierra,252.828125,1.7583173513412476
2018-03-15 00:00:00,-29.917950,-71.196228,aeropuerto,265.17529296875,1.628821849822998
2018-03-15 00:00:00,-29.890957,-71.196259,cerro1,263.48541259765625,1.575671911239624
2018-03-15 00:00:00,-29.944931,-71.196198,cerro2,266.34716796875,1.6709105968475342
2018-03-15 01:00:00,-29.917965,-71.237732,ceaza,283.6178283691406,2.6633553504943848
2018-03-15 01:00:00,-29.935963,-71.227356,cerrogrande,290.12445068359375,3.022968292236328
2018-03-15 01:00:00,-29.891006,-71.299988,mar1,273.17193603515625,4.175088405609131
2018-03-15 01:00:00,-29.926971,-71.299988,mar2,274.0696716308594,4.073746681213379
2018-03-15 01:00:00,-29.890984,-71.248138,tierra,291.3382568359375,2.4468119144439697
2018-03-15 01:00:00,-29.917950,-71.196228,aeropuerto,287.9704284667969,3.4580416679382324
2018-03-15 01:00:00,-29.890957,-71.196259,cerro1,300.12969970703125,4.631447792053223
2018-03-15 01:00:00,-29.944931,-71.196198,cerro2,269.5223083496094,3.6703765392303467
2018-03-15 02:00:00,-29.917965,-71.237732,ceaza,354.2093200683594,2.193164587020874
2018-03-15 02:00:00,-29.935963,-71.227356,cerrogrande,358.4469299316406,2.6132969856262207
2018-03-15 02:00:00,-29.891006,-71.299988,mar1,340.70208740234375,2.657012462615967
2018-03-15 02:00:00,-29.926971,-71.299988,mar2,321.94000244140625,2.3708105087280273
2018-03-15 02:00:00,-29.890984,-71.248138,tierra,346.3411865234375,2.8289291858673096
2018-03-15 02:00:00,-29.917950,-71.196228,aeropuerto,309.5214538574219,2.4804420471191406
2018-03-15 02:00:00,-29.890957,-71.196259,cerro1,322.1739501953125,4.328610897064209
2018-03-15 02:00:00,-29.944931,-71.196198,cerro2,312.8729553222656,1.0485998392105103
2018-03-15 03:00:00,-29.917965,-71.237732,ceaza,18.53487777709961,1.667533278465271
2018-03-15 03:00:00,-29.935963,-71.227356,cerrogrande,23.25555992126465,2.542245864868164
2018-03-15 03:00:00,-29.891006,-71.299988,mar1,351.9500427246094,3.4344611167907715
2018-03-15 03:00:00,-29.926971,-71.299988,mar2,5.328855991363525,3.8092446327209473
2018-03-15 03:00:00,-29.890984,-71.248138,tierra,352.4553527832031,2.0117905139923096
2018-03-15 03:00:00,-29.917950,-71.196228,aeropuerto,275.6060485839844,1.2675220966339111
2018-03-15 03:00:00,-29.890957,-71.196259,cerro1,342.87579345703125,2.2794766426086426
2018-03-15 03:00:00,-29.944931,-71.196198,cerro2,103.71776580810547,0.2187487930059433
2018-03-15 04:00:00,-29.917965,-71.237732,ceaza,51.784034729003906,1.328252911567688
2018-03-15 04:00:00,-29.935963,-71.227356,cerrogrande,34.33110046386719,2.2803866863250732
2018-03-15 04:00:00,-29.891006,-71.299988,mar1,346.1512756347656,3.082582473754883
2018-03-15 04:00:00,-29.926971,-71.299988,mar2,9.978264808654785,2.7538466453552246
2018-03-15 04:00:00,-29.890984,-71.248138,tierra,2.004957675933838,1.2007057666778564
2018-03-15 04:00:00,-29.917950,-71.196228,aeropuerto,233.73037719726562,1.2603291273117065
2018-03-15 04:00:00,-29.890957,-71.196259,cerro1,92.33972930908203,1.0254756212234497
2018-03-15 04:00:00,-29.944931,-71.196198,cerro2,168.73046875,0.7244943380355835
2018-03-15 05:00:00,-29.917965,-71.237732,ceaza,28.17522430419922,1.162367582321167
2018-03-15 05:00:00,-29.935963,-71.227356,cerrogrande,14.605167388916016,1.8800055980682373
2018-03-15 05:00:00,-29.891006,-71.299988,mar1,353.982177734375,2.5390079021453857
2018-03-15 05:00:00,-29.926971,-71.299988,mar2,54.59104537963867,1.9663574695587158
2018-03-15 05:00:00,-29.890984,-71.248138,tierra,25.409042358398438,0.9993594288825989
2018-03-15 05:00:00,-29.917950,-71.196228,aeropuerto,260.59765625,1.1732910871505737
2018-03-15 05:00:00,-29.890957,-71.196259,cerro1,151.5729217529297,0.2160007208585739
2018-03-15 05:00:00,-29.944931,-71.196198,cerro2,253.58665466308594,0.7737783193588257
2018-03-15 06:00:00,-29.917965,-71.237732,ceaza,46.345550537109375,1.4340866804122925
2018-03-15 06:00:00,-29.935963,-71.227356,cerrogrande,29.058134078979492,1.764398455619812
2018-03-15 06:00:00,-29.891006,-71.299988,mar1,9.589319229125977,3.1669704914093018
2018-03-15 06:00:00,-29.926971,-71.299988,mar2,50.736507415771484,2.2135469913482666
2018-03-15 06:00:00,-29.890984,-71.248138,tierra,19.799131393432617,1.5561847686767578
2018-03-15 06:00:00,-29.917950,-71.196228,aeropuerto,265.9349365234375,1.307571291923523
2018-03-15 06:00:00,-29.890957,-71.196259,cerro1,323.7486877441406,0.7003564238548279
2018-03-15 06:00:00,-29.944931,-71.196198,cerro2,251.49264526367188,1.0824477672576904
2018-03-15 07:00:00,-29.917965,-71.237732,ceaza,51.694271087646484,1.1250361204147339
2018-03-15 07:00:00,-29.935963,-71.227356,cerrogrande,26.785818099975586,1.7912209033966064
2018-03-15 07:00:00,-29.891006,-71.299988,mar1,354.0718078613281,3.5054683685302734
2018-03-15 07:00:00,-29.926971,-71.299988,mar2,44.45051574707031,2.024310350418091
2018-03-15 07:00:00,-29.890984,-71.248138,tierra,9.818984985351562,1.5242632627487183
2018-03-15 07:00:00,-29.917950,-71.196228,aeropuerto,241.01637268066406,1.1746877431869507
2018-03-15 07:00:00,-29.890957,-71.196259,cerro1,348.63397216796875,2.0462968349456787
2018-03-15 07:00:00,-29.944931,-71.196198,cerro2,246.69345092773438,0.6550977230072021
2018-03-15 08:00:00,-29.917965,-71.237732,ceaza,50.59193420410156,0.9446442723274231
2018-03-15 08:00:00,-29.935963,-71.227356,cerrogrande,18.712236404418945,2.0476269721984863
2018-03-15 08:00:00,-29.891006,-71.299988,mar1,338.0935974121094,3.9605140686035156
2018-03-15 08:00:00,-29.926971,-71.299988,mar2,32.14702606201172,2.3314435482025146
2018-03-15 08:00:00,-29.890984,-71.248138,tierra,11.816991806030273,1.366977334022522
2018-03-15 08:00:00,-29.917950,-71.196228,aeropuerto,240.47703552246094,1.2345677614212036
2018-03-15 08:00:00,-29.890957,-71.196259,cerro1,359.0751037597656,1.2046737670898438
2018-03-15 08:00:00,-29.944931,-71.196198,cerro2,246.8467254638672,0.3670825660228729
2018-03-15 09:00:00,-29.917965,-71.237732,ceaza,45.37804412841797,0.8083608746528625
2018-03-15 09:00:00,-29.935963,-71.227356,cerrogrande,20.00718879699707,1.8167610168457031
2018-03-15 09:00:00,-29.891006,-71.299988,mar1,339.0704650878906,3.2973990440368652
2018-03-15 09:00:00,-29.926971,-71.299988,mar2,2.9471113681793213,2.462437152862549
2018-03-15 09:00:00,-29.890984,-71.248138,tierra,42.537696838378906,1.0968408584594727
2018-03-15 09:00:00,-29.917950,-71.196228,aeropuerto,230.81178283691406,1.219146728515625
2018-03-15 09:00:00,-29.890957,-71.196259,cerro1,77.82733154296875,0.13524894416332245
2018-03-15 09:00:00,-29.944931,-71.196198,cerro2,211.54165649414062,0.39507511258125305
2018-03-15 10:00:00,-29.917965,-71.237732,ceaza,48.03998947143555,0.8284564018249512
2018-03-15 10:00:00,-29.935963,-71.227356,cerrogrande,25.72818374633789,1.703993797302246
2018-03-15 10:00:00,-29.891006,-71.299988,mar1,346.3988037109375,3.2067136764526367
2018-03-15 10:00:00,-29.926971,-71.299988,mar2,23.086750030517578,2.0397284030914307
2018-03-15 10:00:00,-29.890984,-71.248138,tierra,67.40853118896484,0.9293345212936401
2018-03-15 10:00:00,-29.917950,-71.196228,aeropuerto,226.48846435546875,1.1005523204803467
2018-03-15 10:00:00,-29.890957,-71.196259,cerro1,2.013094186782837,0.05113685503602028
2018-03-15 10:00:00,-29.944931,-71.196198,cerro2,201.11968994140625,0.3823968470096588
2018-03-15 11:00:00,-29.917965,-71.237732,ceaza,57.71589279174805,1.0350300073623657
2018-03-15 11:00:00,-29.935963,-71.227356,cerrogrande,33.0926399230957,1.694860816001892
2018-03-15 11:00:00,-29.891006,-71.299988,mar1,353.06329345703125,2.750824213027954
2018-03-15 11:00:00,-29.926971,-71.299988,mar2,46.4622917175293,1.9721554517745972
2018-03-15 11:00:00,-29.890984,-71.248138,tierra,64.46756744384766,1.1549201011657715
2018-03-15 11:00:00,-29.917950,-71.196228,aeropuerto,221.40573120117188,0.9228553771972656
2018-03-15 11:00:00,-29.890957,-71.196259,cerro1,1.748451828956604,0.17812073230743408
2018-03-15 11:00:00,-29.944931,-71.196198,cerro2,209.23114013671875,0.39822718501091003
2018-03-15 12:00:00,-29.917965,-71.237732,ceaza,31.11380958557129,1.1285332441329956
2018-03-15 12:00:00,-29.935963,-71.227356,cerrogrande,22.070249557495117,1.5786056518554688
2018-03-15 12:00:00,-29.891006,-71.299988,mar1,359.74615478515625,2.2214853763580322
2018-03-15 12:00:00,-29.926971,-71.299988,mar2,41.60251235961914,1.8562690019607544
2018-03-15 12:00:00,-29.890984,-71.248138,tierra,9.445778846740723,0.8138517737388611
2018-03-15 12:00:00,-29.917950,-71.196228,aeropuerto,294.8028259277344,0.5835073590278625
2018-03-15 12:00:00,-29.890957,-71.196259,cerro1,213.67041015625,0.3880578577518463
2018-03-15 12:00:00,-29.944931,-71.196198,cerro2,302.3565979003906,0.34965264797210693
2018-03-15 13:00:00,-29.917965,-71.237732,ceaza,327.0100402832031,1.321976900100708
2018-03-15 13:00:00,-29.935963,-71.227356,cerrogrande,337.91357421875,1.5169036388397217
2018-03-15 13:00:00,-29.891006,-71.299988,mar1,337.6910095214844,2.1262950897216797
2018-03-15 13:00:00,-29.926971,-71.299988,mar2,358.11529541015625,1.5995782613754272
2018-03-15 13:00:00,-29.890984,-71.248138,tierra,305.631591796875,1.4550316333770752
2018-03-15 13:00:00,-29.917950,-71.196228,aeropuerto,302.1533508300781,1.4585720300674438
2018-03-15 13:00:00,-29.890957,-71.196259,cerro1,259.05145263671875,1.8107250928878784
2018-03-15 13:00:00,-29.944931,-71.196198,cerro2,327.1717834472656,1.2780678272247314
2018-03-15 14:00:00,-29.917965,-71.237732,ceaza,295.31573486328125,2.6578667163848877
2018-03-15 14:00:00,-29.935963,-71.227356,cerrogrande,290.1358642578125,2.7080814838409424
2018-03-15 14:00:00,-29.891006,-71.299988,mar1,305.7974853515625,2.3750953674316406
2018-03-15 14:00:00,-29.926971,-71.299988,mar2,311.86138916015625,1.556239128112793
2018-03-15 14:00:00,-29.890984,-71.248138,tierra,291.5137023925781,2.3983020782470703
2018-03-15 14:00:00,-29.917950,-71.196228,aeropuerto,290.6976623535156,2.9148950576782227
2018-03-15 14:00:00,-29.890957,-71.196259,cerro1,271.9175720214844,3.3537914752960205
2018-03-15 14:00:00,-29.944931,-71.196198,cerro2,281.4241638183594,2.8396248817443848
2018-03-15 15:00:00,-29.917965,-71.237732,ceaza,296.10223388671875,3.415283679962158
2018-03-15 15:00:00,-29.935963,-71.227356,cerrogrande,289.97991943359375,3.6151492595672607
2018-03-15 15:00:00,-29.891006,-71.299988,mar1,280.7740173339844,3.1590278148651123
2018-03-15 15:00:00,-29.926971,-71.299988,mar2,295.03839111328125,2.8113315105438232
2018-03-15 15:00:00,-29.890984,-71.248138,tierra,289.0117492675781,2.9746041297912598
2018-03-15 15:00:00,-29.917950,-71.196228,aeropuerto,289.2572937011719,4.015701770782471
2018-03-15 15:00:00,-29.890957,-71.196259,cerro1,277.181884765625,4.483602046966553
2018-03-15 15:00:00,-29.944931,-71.196198,cerro2,273.6734313964844,4.118051528930664
2018-03-15 16:00:00,-29.917965,-71.237732,ceaza,297.3173828125,3.6521666049957275
2018-03-15 16:00:00,-29.935963,-71.227356,cerrogrande,294.74615478515625,3.9133949279785156
2018-03-15 16:00:00,-29.891006,-71.299988,mar1,279.72625732421875,3.1040966510772705
2018-03-15 16:00:00,-29.926971,-71.299988,mar2,293.05010986328125,3.4107511043548584
2018-03-15 16:00:00,-29.890984,-71.248138,tierra,285.7196044921875,3.123220443725586
2018-03-15 16:00:00,-29.917950,-71.196228,aeropuerto,290.8276672363281,4.412670135498047
2018-03-15 16:00:00,-29.890957,-71.196259,cerro1,279.1903991699219,5.10144567489624
2018-03-15 16:00:00,-29.944931,-71.196198,cerro2,280.5362243652344,4.4854912757873535
2018-03-15 17:00:00,-29.917965,-71.237732,ceaza,294.6205749511719,3.7814974784851074
2018-03-15 17:00:00,-29.935963,-71.227356,cerrogrande,295.7732849121094,4.016188144683838
2018-03-15 17:00:00,-29.891006,-71.299988,mar1,275.35980224609375,3.073254108428955
2018-03-15 17:00:00,-29.926971,-71.299988,mar2,288.85601806640625,3.628113031387329
2018-03-15 17:00:00,-29.890984,-71.248138,tierra,282.5182189941406,3.3669285774230957
2018-03-15 17:00:00,-29.917950,-71.196228,aeropuerto,294.6618347167969,4.519300937652588
2018-03-15 17:00:00,-29.890957,-71.196259,cerro1,278.2584533691406,5.486922264099121
2018-03-15 17:00:00,-29.944931,-71.196198,cerro2,286.8688659667969,4.446013450622559
2018-03-15 18:00:00,-29.917965,-71.237732,ceaza,286.31243896484375,4.060935020446777
2018-03-15 18:00:00,-29.935963,-71.227356,cerrogrande,292.4038391113281,4.214076519012451
2018-03-15 18:00:00,-29.891006,-71.299988,mar1,268.1301574707031,3.935823440551758
2018-03-15 18:00:00,-29.926971,-71.299988,mar2,276.79730224609375,4.676704406738281
2018-03-15 18:00:00,-29.890984,-71.248138,tierra,276.24127197265625,3.8418307304382324
2018-03-15 18:00:00,-29.917950,-71.196228,aeropuerto,294.27191162109375,4.455379486083984
2018-03-15 18:00:00,-29.890957,-71.196259,cerro1,275.0237121582031,5.538323402404785
2018-03-15 18:00:00,-29.944931,-71.196198,cerro2,288.5522155761719,4.505188465118408
2018-03-15 19:00:00,-29.917965,-71.237732,ceaza,281.1209411621094,4.301855564117432
2018-03-15 19:00:00,-29.935963,-71.227356,cerrogrande,291.9717712402344,4.3224287033081055
2018-03-15 19:00:00,-29.891006,-71.299988,mar1,265.9739685058594,4.380711078643799
2018-03-15 19:00:00,-29.926971,-71.299988,mar2,276.89404296875,4.9345173835754395
2018-03-15 19:00:00,-29.890984,-71.248138,tierra,272.6827087402344,3.933704376220703
2018-03-15 19:00:00,-29.917950,-71.196228,aeropuerto,295.292236328125,4.370227336883545
2018-03-15 19:00:00,-29.890957,-71.196259,cerro1,276.72705078125,5.182288646697998
2018-03-15 19:00:00,-29.944931,-71.196198,cerro2,291.8799133300781,4.487367630004883
2018-03-15 20:00:00,-29.917965,-71.237732,ceaza,285.15203857421875,4.097439289093018
2018-03-15 20:00:00,-29.935963,-71.227356,cerrogrande,297.02899169921875,4.213740348815918
2018-03-15 20:00:00,-29.891006,-71.299988,mar1,274.2376403808594,3.891672134399414
2018-03-15 20:00:00,-29.926971,-71.299988,mar2,281.69329833984375,4.642827033996582
2018-03-15 20:00:00,-29.890984,-71.248138,tierra,275.5521545410156,3.596815586090088
2018-03-15 20:00:00,-29.917950,-71.196228,aeropuerto,298.1314392089844,4.351546764373779
2018-03-15 20:00:00,-29.890957,-71.196259,cerro1,280.7585144042969,4.944032192230225
2018-03-15 20:00:00,-29.944931,-71.196198,cerro2,296.79425048828125,4.256555557250977
2018-03-15 21:00:00,-29.917965,-71.237732,ceaza,290.7054443359375,3.786165952682495
2018-03-15 21:00:00,-29.935963,-71.227356,cerrogrande,301.9313659667969,3.9363815784454346
2018-03-15 21:00:00,-29.891006,-71.299988,mar1,270.2676086425781,3.569563865661621
2018-03-15 21:00:00,-29.926971,-71.299988,mar2,281.85272216796875,4.299631595611572
2018-03-15 21:00:00,-29.890984,-71.248138,tierra,280.0471496582031,3.288374423980713
2018-03-15 21:00:00,-29.917950,-71.196228,aeropuerto,299.7651062011719,4.204688549041748
2018-03-15 21:00:00,-29.890957,-71.196259,cerro1,288.04217529296875,5.113740921020508
2018-03-15 21:00:00,-29.944931,-71.196198,cerro2,298.355224609375,3.803227186203003
2018-03-15 22:00:00,-29.917965,-71.237732,ceaza,298.8883361816406,3.2700345516204834
2018-03-15 22:00:00,-29.935963,-71.227356,cerrogrande,308.0444641113281,3.36228609085083
2018-03-15 22:00:00,-29.891006,-71.299988,mar1,276.40802001953125,3.0194613933563232
2018-03-15 22:00:00,-29.926971,-71.299988,mar2,276.9933166503906,3.476790189743042
2018-03-15 22:00:00,-29.890984,-71.248138,tierra,292.3776550292969,2.8786075115203857
2018-03-15 22:00:00,-29.917950,-71.196228,aeropuerto,303.1435852050781,3.7447562217712402
2018-03-15 22:00:00,-29.890957,-71.196259,cerro1,293.6274719238281,4.818131923675537
2018-03-15 22:00:00,-29.944931,-71.196198,cerro2,303.40911865234375,3.1394999027252197
2018-03-15 23:00:00,-29.917965,-71.237732,ceaza,326.70806884765625,2.4358644485473633
2018-03-15 23:00:00,-29.935963,-71.227356,cerrogrande,333.4501953125,2.490389823913574
2018-03-15 23:00:00,-29.891006,-71.299988,mar1,322.922607421875,2.1360175609588623
2018-03-15 23:00:00,-29.926971,-71.299988,mar2,271.5026550292969,3.072514057159424
2018-03-15 23:00:00,-29.890984,-71.248138,tierra,318.76446533203125,2.315333366394043
2018-03-15 23:00:00,-29.917950,-71.196228,aeropuerto,304.6282958984375,2.9200925827026367
2018-03-15 23:00:00,-29.890957,-71.196259,cerro1,306.73480224609375,4.058760166168213
2018-03-15 23:00:00,-29.944931,-71.196198,cerro2,308.6340026855469,2.356213092803955
2018-03-16 00:00:00,-29.917965,-71.237732,ceaza,353.93280029296875,2.0564520359039307
2018-03-16 00:00:00,-29.935963,-71.227356,cerrogrande,4.8006792068481445,2.388201951980591
2018-03-16 00:00:00,-29.891006,-71.299988,mar1,9.507296562194824,2.1189866065979004
2018-03-16 00:00:00,-29.926971,-71.299988,mar2,2.5116147994995117,2.454974889755249
2018-03-16 00:00:00,-29.890984,-71.248138,tierra,343.0562744140625,2.297699451446533
2018-03-16 00:00:00,-29.917950,-71.196228,aeropuerto,305.45330810546875,1.8399842977523804
2018-03-16 00:00:00,-29.890957,-71.196259,cerro1,325.88568115234375,3.159512758255005
2018-03-16 00:00:00,-29.944931,-71.196198,cerro2,323.2863464355469,1.1018613576889038
2018-03-16 01:00:00,-29.917965,-71.237732,ceaza,11.638995170593262,1.5673614740371704
2018-03-16 01:00:00,-29.935963,-71.227356,cerrogrande,13.215963363647461,2.3207356929779053
2018-03-16 01:00:00,-29.891006,-71.299988,mar1,349.7466125488281,2.461266279220581
2018-03-16 01:00:00,-29.926971,-71.299988,mar2,357.4526672363281,3.259183168411255
2018-03-16 01:00:00,-29.890984,-71.248138,tierra,347.5883483886719,2.001018762588501
2018-03-16 01:00:00,-29.917950,-71.196228,aeropuerto,283.5472717285156,1.4976309537887573
2018-03-16 01:00:00,-29.890957,-71.196259,cerro1,333.4080810546875,2.350064754486084
2018-03-16 01:00:00,-29.944931,-71.196198,cerro2,295.2976379394531,0.46344566345214844
2018-03-16 02:00:00,-29.917965,-71.237732,ceaza,24.725950241088867,1.1876943111419678
2018-03-16 02:00:00,-29.935963,-71.227356,cerrogrande,19.570772171020508,1.9935981035232544
2018-03-16 02:00:00,-29.891006,-71.299988,mar1,345.8199768066406,2.617568254470825
2018-03-16 02:00:00,-29.926971,-71.299988,mar2,354.9212951660156,3.1931803226470947
2018-03-16 02:00:00,-29.890984,-71.248138,tierra,347.44073486328125,1.8815644979476929
2018-03-16 02:00:00,-29.917950,-71.196228,aeropuerto,257.70111083984375,1.2468568086624146
2018-03-16 02:00:00,-29.890957,-71.196259,cerro1,340.16046142578125,1.7189574241638184
2018-03-16 02:00:00,-29.944931,-71.196198,cerro2,255.03065490722656,0.2935643196105957
2018-03-16 03:00:00,-29.917965,-71.237732,ceaza,26.72214126586914,1.2996407747268677
2018-03-16 03:00:00,-29.935963,-71.227356,cerrogrande,15.622307777404785,2.1982619762420654
2018-03-16 03:00:00,-29.891006,-71.299988,mar1,314.8577575683594,2.0250959396362305
2018-03-16 03:00:00,-29.926971,-71.299988,mar2,326.2372741699219,1.7924652099609375
2018-03-16 03:00:00,-29.890984,-71.248138,tierra,353.1850891113281,2.0765960216522217
2018-03-16 03:00:00,-29.917950,-71.196228,aeropuerto,262.3605651855469,1.0892789363861084
2018-03-16 03:00:00,-29.890957,-71.196259,cerro1,331.6854553222656,2.1637277603149414
2018-03-16 03:00:00,-29.944931,-71.196198,cerro2,290.2020568847656,0.267835408449173
2018-03-16 04:00:00,-29.917965,-71.237732,ceaza,30.546993255615234,1.4399610757827759
2018-03-16 04:00:00,-29.935963,-71.227356,cerrogrande,16.78824806213379,2.2664425373077393
2018-03-16 04:00:00,-29.891006,-71.299988,mar1,292.2703857421875,1.730012059211731
2018-03-16 04:00:00,-29.926971,-71.299988,mar2,314.7987976074219,1.725358486175537
2018-03-16 04:00:00,-29.890984,-71.248138,tierra,358.84771728515625,2.1841132640838623
2018-03-16 04:00:00,-29.917950,-71.196228,aeropuerto,263.6322326660156,0.9773857593536377
2018-03-16 04:00:00,-29.890957,-71.196259,cerro1,334.7020568847656,2.720752239227295
2018-03-16 04:00:00,-29.944931,-71.196198,cerro2,265.85955810546875,0.18816827237606049
2018-03-16 05:00:00,-29.917965,-71.237732,ceaza,43.40302276611328,1.3751816749572754
2018-03-16 05:00:00,-29.935963,-71.227356,cerrogrande,24.144390106201172,2.0587868690490723
2018-03-16 05:00:00,-29.891006,-71.299988,mar1,295.181396484375,1.2493706941604614
2018-03-16 05:00:00,-29.926971,-71.299988,mar2,320.3423156738281,1.403207540512085
2018-03-16 05:00:00,-29.890984,-71.248138,tierra,3.1369452476501465,2.0605854988098145
2018-03-16 05:00:00,-29.917950,-71.196228,aeropuerto,246.6724853515625,0.9034616351127625
2018-03-16 05:00:00,-29.890957,-71.196259,cerro1,340.7580871582031,2.52239727973938
2018-03-16 05:00:00,-29.944931,-71.196198,cerro2,245.9896697998047,0.21469728648662567
2018-03-16 06:00:00,-29.917965,-71.237732,ceaza,55.71560287475586,1.2952818870544434
2018-03-16 06:00:00,-29.935963,-71.227356,cerrogrande,28.268312454223633,1.856865644454956
2018-03-16 06:00:00,-29.891006,-71.299988,mar1,305.9703063964844,0.8294826149940491
2018-03-16 06:00:00,-29.926971,-71.299988,mar2,347.8384704589844,0.8754346966743469
2018-03-16 06:00:00,-29.890984,-71.248138,tierra,5.695754051208496,1.892015814781189
2018-03-16 06:00:00,-29.917950,-71.196228,aeropuerto,245.02316284179688,0.8677894473075867
2018-03-16 06:00:00,-29.890957,-71.196259,cerro1,343.9855041503906,2.200483560562134
2018-03-16 06:00:00,-29.944931,-71.196198,cerro2,237.917724609375,0.2707573473453522
2018-03-16 07:00:00,-29.917965,-71.237732,ceaza,60.1163215637207,1.259501576423645
2018-03-16 07:00:00,-29.935963,-71.227356,cerrogrande,30.507339477539062,1.7761411666870117
2018-03-16 07:00:00,-29.891006,-71.299988,mar1,327.3701171875,0.7347398996353149
2018-03-16 07:00:00,-29.926971,-71.299988,mar2,22.179128646850586,1.0467063188552856
2018-03-16 07:00:00,-29.890984,-71.248138,tierra,6.979010105133057,1.8645857572555542
2018-03-16 07:00:00,-29.917950,-71.196228,aeropuerto,232.37278747558594,0.801910936832428
2018-03-16 07:00:00,-29.890957,-71.196259,cerro1,342.5021667480469,2.0228285789489746
2018-03-16 07:00:00,-29.944931,-71.196198,cerro2,229.0778045654297,0.25295692682266235
2018-03-16 08:00:00,-29.917965,-71.237732,ceaza,58.442626953125,1.1898032426834106
2018-03-16 08:00:00,-29.935963,-71.227356,cerrogrande,27.72948455810547,1.7314177751541138
2018-03-16 08:00:00,-29.891006,-71.299988,mar1,322.7901916503906,0.7424137592315674
2018-03-16 08:00:00,-29.926971,-71.299988,mar2,22.552780151367188,1.1334127187728882
2018-03-16 08:00:00,-29.890984,-71.248138,tierra,8.174333572387695,1.908239722251892
2018-03-16 08:00:00,-29.917950,-71.196228,aeropuerto,232.08905029296875,0.7914397716522217
2018-03-16 08:00:00,-29.890957,-71.196259,cerro1,337.436767578125,2.3568851947784424
2018-03-16 08:00:00,-29.944931,-71.196198,cerro2,248.77700805664062,0.33162614703178406
2018-03-16 09:00:00,-29.917965,-71.237732,ceaza,60.66081237792969,1.2298582792282104
2018-03-16 09:00:00,-29.935963,-71.227356,cerrogrande,31.597049713134766,1.6954201459884644
2018-03-16 09:00:00,-29.891006,-71.299988,mar1,336.0169372558594,0.8280577659606934
2018-03-16 09:00:00,-29.926971,-71.299988,mar2,34.575897216796875,1.1574562788009644
2018-03-16 09:00:00,-29.890984,-71.248138,tierra,10.689958572387695,1.9129670858383179
2018-03-16 09:00:00,-29.917950,-71.196228,aeropuerto,222.68077087402344,0.7782817482948303
2018-03-16 09:00:00,-29.890957,-71.196259,cerro1,336.0491943359375,2.608673572540283
2018-03-16 09:00:00,-29.944931,-71.196198,cerro2,237.41407775878906,0.35596963763237
2018-03-16 10:00:00,-29.917965,-71.237732,ceaza,63.09543991088867,1.2326158285140991
2018-03-16 10:00:00,-29.935963,-71.227356,cerrogrande,35.20643615722656,1.6222032308578491
2018-03-16 10:00:00,-29.891006,-71.299988,mar1,0.9753232598304749,1.0250295400619507
2018-03-16 10:00:00,-29.926971,-71.299988,mar2,39.959651947021484,1.4697678089141846
2018-03-16 10:00:00,-29.890984,-71.248138,tierra,13.76331615447998,1.8517370223999023
2018-03-16 10:00:00,-29.917950,-71.196228,aeropuerto,204.87774658203125,0.8090432286262512
2018-03-16 10:00:00,-29.890957,-71.196259,cerro1,333.55810546875,2.5260696411132812
2018-03-16 10:00:00,-29.944931,-71.196198,cerro2,221.9529571533203,0.4099200367927551
2018-03-16 11:00:00,-29.917965,-71.237732,ceaza,63.7177848815918,1.2443339824676514
2018-03-16 11:00:00,-29.935963,-71.227356,cerrogrande,36.64889907836914,1.5945136547088623
2018-03-16 11:00:00,-29.891006,-71.299988,mar1,9.109552383422852,1.3271923065185547
2018-03-16 11:00:00,-29.926971,-71.299988,mar2,39.87160873413086,1.8291391134262085
2018-03-16 11:00:00,-29.890984,-71.248138,tierra,12.699796676635742,1.8423237800598145
2018-03-16 11:00:00,-29.917950,-71.196228,aeropuerto,201.958984375,0.7519655227661133
2018-03-16 11:00:00,-29.890957,-71.196259,cerro1,331.7710266113281,2.415877342224121
2018-03-16 11:00:00,-29.944931,-71.196198,cerro2,212.61016845703125,0.40977922081947327
2018-03-16 12:00:00,-29.917965,-71.237732,ceaza,13.572652816772461,1.323782205581665
2018-03-16 12:00:00,-29.935963,-71.227356,cerrogrande,6.170444011688232,1.7590786218643188
2018-03-16 12:00:00,-29.891006,-71.299988,mar1,5.597335338592529,1.4306138753890991
2018-03-16 12:00:00,-29.926971,-71.299988,mar2,25.24677085876465,2.0074594020843506
2018-03-16 12:00:00,-29.890984,-71.248138,tierra,350.962158203125,2.017733335494995
2018-03-16 12:00:00,-29.917950,-71.196228,aeropuerto,311.989013671875,1.3330453634262085
2018-03-16 12:00:00,-29.890957,-71.196259,cerro1,306.97271728515625,2.425978422164917
2018-03-16 12:00:00,-29.944931,-71.196198,cerro2,295.9663391113281,0.2897699177265167
2018-03-16 13:00:00,-29.917965,-71.237732,ceaza,323.70751953125,1.9554882049560547
2018-03-16 13:00:00,-29.935963,-71.227356,cerrogrande,328.075927734375,2.0428459644317627
2018-03-16 13:00:00,-29.891006,-71.299988,mar1,292.37261962890625,1.105656623840332
2018-03-16 13:00:00,-29.926971,-71.299988,mar2,341.02398681640625,0.9107978940010071
2018-03-16 13:00:00,-29.890984,-71.248138,tierra,310.2909240722656,1.8352594375610352
2018-03-16 13:00:00,-29.917950,-71.196228,aeropuerto,304.089111328125,2.107880115509033
2018-03-16 13:00:00,-29.890957,-71.196259,cerro1,287.3076171875,2.945815324783325
2018-03-16 13:00:00,-29.944931,-71.196198,cerro2,322.4920654296875,1.746785283088684
2018-03-16 14:00:00,-29.917965,-71.237732,ceaza,302.86181640625,2.642793655395508
2018-03-16 14:00:00,-29.935963,-71.227356,cerrogrande,307.8748779296875,2.7420456409454346
2018-03-16 14:00:00,-29.891006,-71.299988,mar1,273.64385986328125,1.7522233724594116
2018-03-16 14:00:00,-29.926971,-71.299988,mar2,290.03057861328125,1.019694447517395
2018-03-16 14:00:00,-29.890984,-71.248138,tierra,285.10748291015625,2.4962072372436523
2018-03-16 14:00:00,-29.917950,-71.196228,aeropuerto,292.3929748535156,2.6328818798065186
2018-03-16 14:00:00,-29.890957,-71.196259,cerro1,272.5296325683594,3.568377733230591
2018-03-16 14:00:00,-29.944931,-71.196198,cerro2,312.1891784667969,2.5944175720214844
2018-03-16 15:00:00,-29.917965,-71.237732,ceaza,290.8184814453125,3.3653879165649414
2018-03-16 15:00:00,-29.935963,-71.227356,cerrogrande,292.7560119628906,3.5356028079986572
2018-03-16 15:00:00,-29.891006,-71.299988,mar1,269.41729736328125,2.707479476928711
2018-03-16 15:00:00,-29.926971,-71.299988,mar2,289.3780212402344,2.798649311065674
2018-03-16 15:00:00,-29.890984,-71.248138,tierra,276.28570556640625,2.882051706314087
2018-03-16 15:00:00,-29.917950,-71.196228,aeropuerto,294.1183166503906,3.637683868408203
2018-03-16 15:00:00,-29.890957,-71.196259,cerro1,272.3435363769531,4.38815450668335
2018-03-16 15:00:00,-29.944931,-71.196198,cerro2,291.02032470703125,3.6211516857147217
2018-03-16 16:00:00,-29.917965,-71.237732,ceaza,286.0274353027344,3.8196704387664795
2018-03-16 16:00:00,-29.935963,-71.227356,cerrogrande,289.7392578125,4.011151313781738
2018-03-16 16:00:00,-29.891006,-71.299988,mar1,264.8796081542969,3.6563050746917725
2018-03-16 16:00:00,-29.926971,-71.299988,mar2,280.164306640625,3.7839300632476807
2018-03-16 16:00:00,-29.890984,-71.248138,tierra,277.210205078125,3.20457124710083
2018-03-16 16:00:00,-29.917950,-71.196228,aeropuerto,292.32843017578125,4.259985446929932
2018-03-16 16:00:00,-29.890957,-71.196259,cerro1,273.20184326171875,4.956377983093262
2018-03-16 16:00:00,-29.944931,-71.196198,cerro2,286.4378356933594,4.183740615844727
2018-03-16 17:00:00,-29.917965,-71.237732,ceaza,284.3668212890625,4.22020149230957
2018-03-16 17:00:00,-29.935963,-71.227356,cerrogrande,289.67633056640625,4.370534896850586
2018-03-16 17:00:00,-29.891006,-71.299988,mar1,261.6274108886719,4.436727046966553
2018-03-16 17:00:00,-29.926971,-71.299988,mar2,274.4842529296875,4.416316986083984
2018-03-16 17:00:00,-29.890984,-71.248138,tierra,276.6910705566406,3.5867161750793457
2018-03-16 17:00:00,-29.917950,-71.196228,aeropuerto,293.177978515625,4.56391716003418
2018-03-16 17:00:00,-29.890957,-71.196259,cerro1,274.275390625,5.239818572998047
2018-03-16 17:00:00,-29.944931,-71.196198,cerro2,286.2517395019531,4.46438455581665
2018-03-16 18:00:00,-29.917965,-71.237732,ceaza,281.2315673828125,4.456356048583984
2018-03-16 18:00:00,-29.935963,-71.227356,cerrogrande,288.60400390625,4.557232856750488
2018-03-16 18:00:00,-29.891006,-71.299988,mar1,257.31622314453125,5.129132270812988
2018-03-16 18:00:00,-29.926971,-71.299988,mar2,267.5960388183594,5.276941776275635
2018-03-16 18:00:00,-29.890984,-71.248138,tierra,272.9274597167969,3.916293144226074
2018-03-16 18:00:00,-29.917950,-71.196228,aeropuerto,293.0484313964844,4.665609359741211
2018-03-16 18:00:00,-29.890957,-71.196259,cerro1,276.1004638671875,5.534267902374268
2018-03-16 18:00:00,-29.944931,-71.196198,cerro2,286.7536315917969,4.595468521118164
2018-03-16 19:00:00,-29.917965,-71.237732,ceaza,277.6333923339844,4.540686130523682
2018-03-16 19:00:00,-29.935963,-71.227356,cerrogrande,284.8171081542969,4.642513751983643
2018-03-16 19:00:00,-29.891006,-71.299988,mar1,257.9060363769531,5.021712779998779
2018-03-16 19:00:00,-29.926971,-71.299988,mar2,263.90557861328125,5.49335241317749
2018-03-16 19:00:00,-29.890984,-71.248138,tierra,273.9320983886719,3.7751095294952393
2018-03-16 19:00:00,-29.917950,-71.196228,aeropuerto,289.9767150878906,4.580074310302734
2018-03-16 19:00:00,-29.890957,-71.196259,cerro1,277.0333251953125,5.388711929321289
2018-03-16 19:00:00,-29.944931,-71.196198,cerro2,284.62957763671875,4.605125427246094
2018-03-16 20:00:00,-29.917965,-71.237732,ceaza,279.11859130859375,4.233132362365723
2018-03-16 20:00:00,-29.935963,-71.227356,cerrogrande,286.15301513671875,4.416127681732178
2018-03-16 20:00:00,-29.891006,-71.299988,mar1,257.96307373046875,5.03767728805542
2018-03-16 20:00:00,-29.926971,-71.299988,mar2,265.0501708984375,5.443881511688232
2018-03-16 20:00:00,-29.890984,-71.248138,tierra,275.6950988769531,3.451141357421875
2018-03-16 20:00:00,-29.917950,-71.196228,aeropuerto,292.8226318359375,4.355088710784912
2018-03-16 20:00:00,-29.890957,-71.196259,cerro1,277.3137512207031,5.016910076141357
2018-03-16 20:00:00,-29.944931,-71.196198,cerro2,286.1231994628906,4.3711419105529785
2018-03-16 21:00:00,-29.917965,-71.237732,ceaza,281.33770751953125,3.797626495361328
2018-03-16 21:00:00,-29.935963,-71.227356,cerrogrande,289.4260559082031,4.036876678466797
2018-03-16 21:00:00,-29.891006,-71.299988,mar1,259.0407409667969,4.9189066886901855
2018-03-16 21:00:00,-29.926971,-71.299988,mar2,266.4001770019531,5.141446113586426
2018-03-16 21:00:00,-29.890984,-71.248138,tierra,279.1009826660156,3.0764498710632324
2018-03-16 21:00:00,-29.917950,-71.196228,aeropuerto,294.0923156738281,4.116109848022461
2018-03-16 21:00:00,-29.890957,-71.196259,cerro1,279.5256042480469,4.682068824768066
2018-03-16 21:00:00,-29.944931,-71.196198,cerro2,287.4991760253906,4.060978412628174
2018-03-16 22:00:00,-29.917965,-71.237732,ceaza,293.7734680175781,3.2575790882110596
2018-03-16 22:00:00,-29.935963,-71.227356,cerrogrande,300.0305480957031,3.656665802001953
2018-03-16 22:00:00,-29.891006,-71.299988,mar1,260.0629577636719,4.283662796020508
2018-03-16 22:00:00,-29.926971,-71.299988,mar2,265.7919006347656,4.398219108581543
2018-03-16 22:00:00,-29.890984,-71.248138,tierra,286.8200378417969,2.5178840160369873
2018-03-16 22:00:00,-29.917950,-71.196228,aeropuerto,294.45867919921875,4.0623016357421875
2018-03-16 22:00:00,-29.890957,-71.196259,cerro1,285.6788635253906,4.5500922203063965
2018-03-16 22:00:00,-29.944931,-71.196198,cerro2,290.1197204589844,3.7497522830963135
2018-03-16 23:00:00,-29.917965,-71.237732,ceaza,310.0271301269531,2.969914197921753
2018-03-16 23:00:00,-29.935963,-71.227356,cerrogrande,314.38653564453125,3.0031898021698
2018-03-16 23:00:00,-29.891006,-71.299988,mar1,266.45025634765625,2.9107515811920166
2018-03-16 23:00:00,-29.926971,-71.299988,mar2,261.22216796875,3.5130064487457275
2018-03-16 23:00:00,-29.890984,-71.248138,tierra,306.4258728027344,2.211992025375366
2018-03-16 23:00:00,-29.917950,-71.196228,aeropuerto,298.6112060546875,3.1432013511657715
2018-03-16 23:00:00,-29.890957,-71.196259,cerro1,297.49444580078125,3.974900007247925
2018-03-16 23:00:00,-29.944931,-71.196198,cerro2,293.834228515625,2.9269893169403076
2018-03-17 00:00:00,-29.917965,-71.237732,ceaza,337.0910339355469,2.0376250743865967
2018-03-17 00:00:00,-29.935963,-71.227356,cerrogrande,340.6687927246094,2.37762188911438
2018-03-17 00:00:00,-29.891006,-71.299988,mar1,273.23162841796875,1.588760495185852
2018-03-17 00:00:00,-29.926971,-71.299988,mar2,282.1849365234375,2.097430944442749
2018-03-17 00:00:00,-29.890984,-71.248138,tierra,332.235595703125,2.0817065238952637
2018-03-17 00:00:00,-29.917950,-71.196228,aeropuerto,313.1969909667969,2.251352548599243
2018-03-17 00:00:00,-29.890957,-71.196259,cerro1,315.7225341796875,3.248444080352783
2018-03-17 00:00:00,-29.944931,-71.196198,cerro2,312.7530822753906,1.6652491092681885
2018-03-17 01:00:00,-29.917965,-71.237732,ceaza,15.55891227722168,1.7665506601333618
2018-03-17 01:00:00,-29.935963,-71.227356,cerrogrande,11.8216552734375,2.370143175125122
2018-03-17 01:00:00,-29.891006,-71.299988,mar1,314.28753662109375,1.2395352125167847
2018-03-17 01:00:00,-29.926971,-71.299988,mar2,326.17498779296875,1.8505325317382812
2018-03-17 01:00:00,-29.890984,-71.248138,tierra,358.86688232421875,2.0844333171844482
2018-03-17 01:00:00,-29.917950,-71.196228,aeropuerto,309.01519775390625,1.3970657587051392
2018-03-17 01:00:00,-29.890957,-71.196259,cerro1,330.7614440917969,2.527632236480713
2018-03-17 01:00:00,-29.944931,-71.196198,cerro2,329.0188293457031,0.8682997226715088
2018-03-17 02:00:00,-29.917965,-71.237732,ceaza,38.886470794677734,1.5992354154586792
2018-03-17 02:00:00,-29.935963,-71.227356,cerrogrande,30.0377197265625,2.1135265827178955
2018-03-17 02:00:00,-29.891006,-71.299988,mar1,339.6824951171875,1.604968547821045
2018-03-17 02:00:00,-29.926971,-71.299988,mar2,11.374861717224121,2.130175828933716
2018-03-17 02:00:00,-29.890984,-71.248138,tierra,8.680566787719727,2.0783002376556396
2018-03-17 02:00:00,-29.917950,-71.196228,aeropuerto,262.94189453125,0.7467876672744751
2018-03-17 02:00:00,-29.890957,-71.196259,cerro1,344.8328552246094,2.438432216644287
2018-03-17 02:00:00,-29.944931,-71.196198,cerro2,276.6194152832031,0.17964036762714386
2018-03-17 03:00:00,-29.917965,-71.237732,ceaza,64.0421371459961,1.612734317779541
2018-03-17 03:00:00,-29.935963,-71.227356,cerrogrande,42.04029846191406,2.120720863342285
2018-03-17 03:00:00,-29.891006,-71.299988,mar1,1.3097633123397827,2.6352500915527344
2018-03-17 03:00:00,-29.926971,-71.299988,mar2,11.487351417541504,2.963029384613037
2018-03-17 03:00:00,-29.890984,-71.248138,tierra,13.004192352294922,1.9314055442810059
2018-03-17 03:00:00,-29.917950,-71.196228,aeropuerto,201.9817352294922,0.7094014883041382
2018-03-17 03:00:00,-29.890957,-71.196259,cerro1,355.3984680175781,2.0214033126831055
2018-03-17 03:00:00,-29.944931,-71.196198,cerro2,159.79153442382812,0.21989841759204865
2018-03-17 04:00:00,-29.917965,-71.237732,ceaza,75.12334442138672,1.5924112796783447
2018-03-17 04:00:00,-29.935963,-71.227356,cerrogrande,41.90375900268555,1.9531337022781372
2018-03-17 04:00:00,-29.891006,-71.299988,mar1,343.0677795410156,1.8204926252365112
2018-03-17 04:00:00,-29.926971,-71.299988,mar2,28.864418029785156,2.4579696655273438
2018-03-17 04:00:00,-29.890984,-71.248138,tierra,20.763479232788086,1.5839987993240356
2018-03-17 04:00:00,-29.917950,-71.196228,aeropuerto,175.1468505859375,0.7365802526473999
2018-03-17 04:00:00,-29.890957,-71.196259,cerro1,355.1582946777344,1.6544324159622192
2018-03-17 04:00:00,-29.944931,-71.196198,cerro2,159.32249450683594,0.28054919838905334
2018-03-17 05:00:00,-29.917965,-71.237732,ceaza,73.3731918334961,1.6687793731689453
2018-03-17 05:00:00,-29.935963,-71.227356,cerrogrande,45.41603088378906,1.9759986400604248
2018-03-17 05:00:00,-29.891006,-71.299988,mar1,292.2236022949219,1.5136035680770874
2018-03-17 05:00:00,-29.926971,-71.299988,mar2,59.650611877441406,1.977866768836975
2018-03-17 05:00:00,-29.890984,-71.248138,tierra,22.6691951751709,1.6138640642166138
2018-03-17 05:00:00,-29.917950,-71.196228,aeropuerto,166.040771484375,0.9338392615318298
2018-03-17 05:00:00,-29.890957,-71.196259,cerro1,350.5417175292969,1.7231920957565308
2018-03-17 05:00:00,-29.944931,-71.196198,cerro2,147.14874267578125,0.4168267846107483
2018-03-17 06:00:00,-29.917965,-71.237732,ceaza,77.1198959350586,1.5877684354782104
2018-03-17 06:00:00,-29.935963,-71.227356,cerrogrande,46.00668716430664,1.92966890335083
2018-03-17 06:00:00,-29.891006,-71.299988,mar1,260.110107421875,1.6379249095916748
2018-03-17 06:00:00,-29.926971,-71.299988,mar2,72.51170349121094,1.5652117729187012
2018-03-17 06:00:00,-29.890984,-71.248138,tierra,14.086200714111328,1.805501103401184
2018-03-17 06:00:00,-29.917950,-71.196228,aeropuerto,164.74269104003906,0.9885351657867432
2018-03-17 06:00:00,-29.890957,-71.196259,cerro1,343.5179443359375,2.0706639289855957
2018-03-17 06:00:00,-29.944931,-71.196198,cerro2,146.34239196777344,0.47965505719184875
2018-03-17 07:00:00,-29.917965,-71.237732,ceaza,75.99798583984375,1.5576021671295166
2018-03-17 07:00:00,-29.935963,-71.227356,cerrogrande,45.52770233154297,1.875916600227356
2018-03-17 07:00:00,-29.891006,-71.299988,mar1,263.0726623535156,1.0888476371765137
2018-03-17 07:00:00,-29.926971,-71.299988,mar2,65.19569396972656,0.8840801119804382
2018-03-17 07:00:00,-29.890984,-71.248138,tierra,11.839837074279785,1.912258505821228
2018-03-17 07:00:00,-29.917950,-71.196228,aeropuerto,166.52090454101562,0.9591740369796753
2018-03-17 07:00:00,-29.890957,-71.196259,cerro1,339.4451599121094,2.161161184310913
2018-03-17 07:00:00,-29.944931,-71.196198,cerro2,147.39878845214844,0.5780478715896606
2018-03-17 08:00:00,-29.917965,-71.237732,ceaza,81.44939422607422,1.4582055807113647
2018-03-17 08:00:00,-29.935963,-71.227356,cerrogrande,46.37445068359375,1.7163902521133423
2018-03-17 08:00:00,-29.891006,-71.299988,mar1,330.7192077636719,0.8573995232582092
2018-03-17 08:00:00,-29.926971,-71.299988,mar2,30.007368087768555,0.5100225210189819
2018-03-17 08:00:00,-29.890984,-71.248138,tierra,12.692167282104492,1.8471089601516724
2018-03-17 08:00:00,-29.917950,-71.196228,aeropuerto,164.31312561035156,1.0628565549850464
2018-03-17 08:00:00,-29.890957,-71.196259,cerro1,339.599365234375,2.1663150787353516
2018-03-17 08:00:00,-29.944931,-71.196198,cerro2,149.0921173095703,0.5879971981048584
2018-03-17 09:00:00,-29.917965,-71.237732,ceaza,83.1238784790039,1.2406376600265503
2018-03-17 09:00:00,-29.935963,-71.227356,cerrogrande,44.22672653198242,1.3719301223754883
2018-03-17 09:00:00,-29.891006,-71.299988,mar1,3.881141185760498,1.5615768432617188
2018-03-17 09:00:00,-29.926971,-71.299988,mar2,20.644901275634766,0.8122333288192749
2018-03-17 09:00:00,-29.890984,-71.248138,tierra,15.47115707397461,1.7836151123046875
2018-03-17 09:00:00,-29.917950,-71.196228,aeropuerto,168.29815673828125,1.0463594198226929
2018-03-17 09:00:00,-29.890957,-71.196259,cerro1,337.2700500488281,1.818800926208496
2018-03-17 09:00:00,-29.944931,-71.196198,cerro2,170.53062438964844,0.4640720784664154
2018-03-17 10:00:00,-29.917965,-71.237732,ceaza,86.71125030517578,1.2607671022415161
2018-03-17 10:00:00,-29.935963,-71.227356,cerrogrande,49.09124755859375,1.1373116970062256
2018-03-17 10:00:00,-29.891006,-71.299988,mar1,9.251569747924805,1.7108861207962036
2018-03-17 10:00:00,-29.926971,-71.299988,mar2,34.179561614990234,1.1512887477874756
2018-03-17 10:00:00,-29.890984,-71.248138,tierra,22.099802017211914,1.7362920045852661
2018-03-17 10:00:00,-29.917950,-71.196228,aeropuerto,164.87969970703125,1.001757264137268
2018-03-17 10:00:00,-29.890957,-71.196259,cerro1,337.7092590332031,1.46928870677948
2018-03-17 10:00:00,-29.944931,-71.196198,cerro2,181.87203979492188,0.5333090424537659
2018-03-17 11:00:00,-29.917965,-71.237732,ceaza,91.33720397949219,1.3573474884033203
2018-03-17 11:00:00,-29.935963,-71.227356,cerrogrande,59.95217514038086,0.98856520652771
2018-03-17 11:00:00,-29.891006,-71.299988,mar1,16.324771881103516,1.8067582845687866
2018-03-17 11:00:00,-29.926971,-71.299988,mar2,43.9491081237793,1.6485538482666016
2018-03-17 11:00:00,-29.890984,-71.248138,tierra,31.177766799926758,1.7257320880889893
2018-03-17 11:00:00,-29.917950,-71.196228,aeropuerto,160.65716552734375,0.9058129191398621
2018-03-17 11:00:00,-29.890957,-71.196259,cerro1,342.8236999511719,1.0660462379455566
2018-03-17 11:00:00,-29.944931,-71.196198,cerro2,190.97430419921875,0.6172826290130615
2018-03-17 12:00:00,-29.917965,-71.237732,ceaza,72.00146484375,0.9302152991294861
2018-03-17 12:00:00,-29.935963,-71.227356,cerrogrande,40.63162612915039,0.5961918234825134
2018-03-17 12:00:00,-29.891006,-71.299988,mar1,16.821142196655273,1.6963194608688354
2018-03-17 12:00:00,-29.926971,-71.299988,mar2,49.4864387512207,1.6305687427520752
2018-03-17 12:00:00,-29.890984,-71.248138,tierra,38.77497863769531,0.6746594905853271
2018-03-17 12:00:00,-29.917950,-71.196228,aeropuerto,104.32180786132812,0.3287845253944397
2018-03-17 12:00:00,-29.890957,-71.196259,cerro1,283.2810974121094,0.38821640610694885
2018-03-17 12:00:00,-29.944931,-71.196198,cerro2,249.3028564453125,0.27675527334213257
2018-03-17 13:00:00,-29.917965,-71.237732,ceaza,306.12872314453125,0.8710364103317261
2018-03-17 13:00:00,-29.935963,-71.227356,cerrogrande,293.8085632324219,1.2455240488052368
2018-03-17 13:00:00,-29.891006,-71.299988,mar1,352.84942626953125,0.8926992416381836
2018-03-17 13:00:00,-29.926971,-71.299988,mar2,355.2011413574219,0.9084275960922241
2018-03-17 13:00:00,-29.890984,-71.248138,tierra,287.2655334472656,0.8720524311065674
2018-03-17 13:00:00,-29.917950,-71.196228,aeropuerto,309.0440979003906,1.0507864952087402
2018-03-17 13:00:00,-29.890957,-71.196259,cerro1,250.40367126464844,1.5823421478271484
2018-03-17 13:00:00,-29.944931,-71.196198,cerro2,316.4734802246094,1.2847620248794556
2018-03-17 14:00:00,-29.917965,-71.237732,ceaza,279.29364013671875,2.6199753284454346
2018-03-17 14:00:00,-29.935963,-71.227356,cerrogrande,275.1356506347656,2.4379332065582275
2018-03-17 14:00:00,-29.891006,-71.299988,mar1,282.6186218261719,1.4797027111053467
2018-03-17 14:00:00,-29.926971,-71.299988,mar2,305.0902404785156,1.5681933164596558
2018-03-17 14:00:00,-29.890984,-71.248138,tierra,277.5086975097656,2.253369092941284
2018-03-17 14:00:00,-29.917950,-71.196228,aeropuerto,293.3318786621094,2.1924922466278076
2018-03-17 14:00:00,-29.890957,-71.196259,cerro1,263.3877868652344,2.7849044799804688
2018-03-17 14:00:00,-29.944931,-71.196198,cerro2,278.1687927246094,2.5827603340148926
2018-03-17 15:00:00,-29.917965,-71.237732,ceaza,278.3860168457031,3.527510166168213
2018-03-17 15:00:00,-29.935963,-71.227356,cerrogrande,277.69097900390625,3.6451234817504883
2018-03-17 15:00:00,-29.891006,-71.299988,mar1,273.95513916015625,2.8256723880767822
2018-03-17 15:00:00,-29.926971,-71.299988,mar2,288.6767272949219,3.7627341747283936
2018-03-17 15:00:00,-29.890984,-71.248138,tierra,277.7298583984375,2.9718000888824463
2018-03-17 15:00:00,-29.917950,-71.196228,aeropuerto,286.82550048828125,3.589398145675659
2018-03-17 15:00:00,-29.890957,-71.196259,cerro1,273.4831848144531,4.096505641937256
2018-03-17 15:00:00,-29.944931,-71.196198,cerro2,277.1639099121094,3.5434553623199463
2018-03-17 16:00:00,-29.917965,-71.237732,ceaza,284.3095703125,4.26444673538208
2018-03-17 16:00:00,-29.935963,-71.227356,cerrogrande,285.6544189453125,4.495099067687988
2018-03-17 16:00:00,-29.891006,-71.299988,mar1,261.3316955566406,3.940931558609009
2018-03-17 16:00:00,-29.926971,-71.299988,mar2,277.2618408203125,4.511079788208008
2018-03-17 16:00:00,-29.890984,-71.248138,tierra,280.8960266113281,3.4846482276916504
2018-03-17 16:00:00,-29.917950,-71.196228,aeropuerto,287.1487731933594,4.560766696929932
2018-03-17 16:00:00,-29.890957,-71.196259,cerro1,277.0735168457031,5.053421497344971
2018-03-17 16:00:00,-29.944931,-71.196198,cerro2,280.6578674316406,4.6839094161987305
2018-03-17 17:00:00,-29.917965,-71.237732,ceaza,285.92022705078125,4.720235347747803
2018-03-17 17:00:00,-29.935963,-71.227356,cerrogrande,290.31494140625,4.941003799438477
2018-03-17 17:00:00,-29.891006,-71.299988,mar1,268.9822082519531,3.4527738094329834
2018-03-17 17:00:00,-29.926971,-71.299988,mar2,275.8128967285156,4.91357421875
2018-03-17 17:00:00,-29.890984,-71.248138,tierra,281.9124450683594,3.7627992630004883
2018-03-17 17:00:00,-29.917950,-71.196228,aeropuerto,293.29327392578125,4.978431701660156
2018-03-17 17:00:00,-29.890957,-71.196259,cerro1,281.05133056640625,5.672623634338379
2018-03-17 17:00:00,-29.944931,-71.196198,cerro2,289.5887756347656,5.053962707519531
2018-03-17 18:00:00,-29.917965,-71.237732,ceaza,288.26629638671875,5.3840837478637695
2018-03-17 18:00:00,-29.935963,-71.227356,cerrogrande,296.1705627441406,5.6424713134765625
2018-03-17 18:00:00,-29.891006,-71.299988,mar1,266.5710144042969,4.067612171173096
2018-03-17 18:00:00,-29.926971,-71.299988,mar2,259.3368835449219,6.408255577087402
2018-03-17 18:00:00,-29.890984,-71.248138,tierra,280.40704345703125,4.34357213973999
2018-03-17 18:00:00,-29.917950,-71.196228,aeropuerto,298.958740234375,5.4807329177856445
2018-03-17 18:00:00,-29.890957,-71.196259,cerro1,284.3908996582031,6.06235933303833
2018-03-17 18:00:00,-29.944931,-71.196198,cerro2,296.9519958496094,5.4374680519104
2018-03-17 19:00:00,-29.917965,-71.237732,ceaza,285.9256286621094,5.711092948913574
2018-03-17 19:00:00,-29.935963,-71.227356,cerrogrande,279.807861328125,6.176393032073975
2018-03-17 19:00:00,-29.891006,-71.299988,mar1,253.34686279296875,5.610194683074951
2018-03-17 19:00:00,-29.926971,-71.299988,mar2,246.83067321777344,7.574501037597656
2018-03-17 19:00:00,-29.890984,-71.248138,tierra,289.8633728027344,4.639889240264893
2018-03-17 19:00:00,-29.917950,-71.196228,aeropuerto,307.2449035644531,6.087343215942383
2018-03-17 19:00:00,-29.890957,-71.196259,cerro1,291.6979675292969,6.603830814361572
2018-03-17 19:00:00,-29.944931,-71.196198,cerro2,300.81964111328125,6.48516845703125
2018-03-17 20:00:00,-29.917965,-71.237732,ceaza,268.3731689453125,5.654299259185791
2018-03-17 20:00:00,-29.935963,-71.227356,cerrogrande,262.59930419921875,6.328047275543213
2018-03-17 20:00:00,-29.891006,-71.299988,mar1,242.2782745361328,6.9603776931762695
2018-03-17 20:00:00,-29.926971,-71.299988,mar2,242.6586456298828,7.608842372894287
2018-03-17 20:00:00,-29.890984,-71.248138,tierra,302.8170166015625,4.269196033477783
2018-03-17 20:00:00,-29.917950,-71.196228,aeropuerto,312.4212341308594,6.588496208190918
2018-03-17 20:00:00,-29.890957,-71.196259,cerro1,299.0299987792969,6.696965217590332
2018-03-17 20:00:00,-29.944931,-71.196198,cerro2,275.7377624511719,5.970329284667969
2018-03-17 21:00:00,-29.917965,-71.237732,ceaza,266.9734802246094,4.941004753112793
2018-03-17 21:00:00,-29.935963,-71.227356,cerrogrande,262.70745849609375,5.612236976623535
2018-03-17 21:00:00,-29.891006,-71.299988,mar1,243.42266845703125,6.502006530761719
2018-03-17 21:00:00,-29.926971,-71.299988,mar2,241.26173400878906,7.122955799102783
2018-03-17 21:00:00,-29.890984,-71.248138,tierra,304.6087951660156,3.929231882095337
2018-03-17 21:00:00,-29.917950,-71.196228,aeropuerto,315.1574401855469,6.032474040985107
2018-03-17 21:00:00,-29.890957,-71.196259,cerro1,301.4713439941406,6.286787986755371
2018-03-17 21:00:00,-29.944931,-71.196198,cerro2,279.95587158203125,5.143589973449707
2018-03-17 22:00:00,-29.917965,-71.237732,ceaza,275.8734436035156,3.622817039489746
2018-03-17 22:00:00,-29.935963,-71.227356,cerrogrande,273.6210632324219,4.267548561096191
2018-03-17 22:00:00,-29.891006,-71.299988,mar1,240.74700927734375,5.888214111328125
2018-03-17 22:00:00,-29.926971,-71.299988,mar2,238.22543334960938,6.393560886383057
2018-03-17 22:00:00,-29.890984,-71.248138,tierra,313.25714111328125,3.6338095664978027
2018-03-17 22:00:00,-29.917950,-71.196228,aeropuerto,320.13934326171875,5.3599114418029785
2018-03-17 22:00:00,-29.890957,-71.196259,cerro1,309.8873596191406,5.99591064453125
2018-03-17 22:00:00,-29.944931,-71.196198,cerro2,305.7841491699219,4.263045787811279
2018-03-17 23:00:00,-29.917965,-71.237732,ceaza,334.89202880859375,3.5195250511169434
2018-03-17 23:00:00,-29.935963,-71.227356,cerrogrande,342.7539978027344,3.793459177017212
2018-03-17 23:00:00,-29.891006,-71.299988,mar1,235.46182250976562,5.167804718017578
2018-03-17 23:00:00,-29.926971,-71.299988,mar2,234.45657348632812,5.723639011383057
2018-03-17 23:00:00,-29.890984,-71.248138,tierra,329.0634460449219,3.6473355293273926
2018-03-17 23:00:00,-29.917950,-71.196228,aeropuerto,323.3077087402344,4.5875372886657715
2018-03-17 23:00:00,-29.890957,-71.196259,cerro1,320.4079895019531,5.536772727966309
2018-03-17 23:00:00,-29.944931,-71.196198,cerro2,330.2399597167969,3.4740796089172363
2018-03-18 00:00:00,-29.917965,-71.237732,ceaza,354.20135498046875,3.4939777851104736
2018-03-18 00:00:00,-29.935963,-71.227356,cerrogrande,4.136080741882324,3.7959144115448
2018-03-18 00:00:00,-29.891006,-71.299988,mar1,236.57846069335938,3.443115472793579
2018-03-18 00:00:00,-29.926971,-71.299988,mar2,234.21990966796875,5.598634243011475
2018-03-18 00:00:00,-29.890984,-71.248138,tierra,343.3652648925781,3.751457691192627
2018-03-18 00:00:00,-29.917950,-71.196228,aeropuerto,328.72216796875,2.9650192260742188
2018-03-18 00:00:00,-29.890957,-71.196259,cerro1,331.7498474121094,4.9806084632873535
2018-03-18 00:00:00,-29.944931,-71.196198,cerro2,347.91082763671875,1.8949226140975952
2018-03-18 01:00:00,-29.917965,-71.237732,ceaza,22.987899780273438,2.89316463470459
2018-03-18 01:00:00,-29.935963,-71.227356,cerrogrande,18.956897735595703,3.541999578475952
2018-03-18 01:00:00,-29.891006,-71.299988,mar1,225.84629821777344,4.488941669464111
2018-03-18 01:00:00,-29.926971,-71.299988,mar2,105.91845703125,1.4326187372207642
2018-03-18 01:00:00,-29.890984,-71.248138,tierra,359.1746826171875,3.783820867538452
2018-03-18 01:00:00,-29.917950,-71.196228,aeropuerto,324.2708435058594,1.5807238817214966
2018-03-18 01:00:00,-29.890957,-71.196259,cerro1,339.8171691894531,4.107444763183594
2018-03-18 01:00:00,-29.944931,-71.196198,cerro2,349.47479248046875,1.6029731035232544
2018-03-18 02:00:00,-29.917965,-71.237732,ceaza,32.757530212402344,2.3190529346466064
2018-03-18 02:00:00,-29.935963,-71.227356,cerrogrande,25.153465270996094,2.7029061317443848
2018-03-18 02:00:00,-29.891006,-71.299988,mar1,206.9441375732422,1.9937204122543335
2018-03-18 02:00:00,-29.926971,-71.299988,mar2,99.90623474121094,1.8723169565200806
2018-03-18 02:00:00,-29.890984,-71.248138,tierra,8.518284797668457,3.223789930343628
2018-03-18 02:00:00,-29.917950,-71.196228,aeropuerto,294.62677001953125,0.6955065727233887
2018-03-18 02:00:00,-29.890957,-71.196259,cerro1,347.6485595703125,3.5327155590057373
2018-03-18 02:00:00,-29.944931,-71.196198,cerro2,331.3752136230469,0.854796290397644
2018-03-18 03:00:00,-29.917965,-71.237732,ceaza,45.12687683105469,1.9186456203460693
2018-03-18 03:00:00,-29.935963,-71.227356,cerrogrande,24.8641300201416,2.672593832015991
2018-03-18 03:00:00,-29.891006,-71.299988,mar1,190.6434783935547,1.1510281562805176
2018-03-18 03:00:00,-29.926971,-71.299988,mar2,106.63500213623047,1.8022661209106445
2018-03-18 03:00:00,-29.890984,-71.248138,tierra,8.175625801086426,2.8902089595794678
2018-03-18 03:00:00,-29.917950,-71.196228,aeropuerto,267.159912109375,0.6495725512504578
2018-03-18 03:00:00,-29.890957,-71.196259,cerro1,349.78466796875,3.0082786083221436
2018-03-18 03:00:00,-29.944931,-71.196198,cerro2,291.9894104003906,0.44123536348342896
2018-03-18 04:00:00,-29.917965,-71.237732,ceaza,62.61530685424805,1.354164958000183
2018-03-18 04:00:00,-29.935963,-71.227356,cerrogrande,21.36721420288086,2.480808734893799
2018-03-18 04:00:00,-29.891006,-71.299988,mar1,182.74620056152344,1.0285160541534424
2018-03-18 04:00:00,-29.926971,-71.299988,mar2,103.57154083251953,1.2122185230255127
2018-03-18 04:00:00,-29.890984,-71.248138,tierra,1.9489519596099854,2.43435001373291
2018-03-18 04:00:00,-29.917950,-71.196228,aeropuerto,255.52581787109375,0.9276005625724792
2018-03-18 04:00:00,-29.890957,-71.196259,cerro1,15.632832527160645,1.8810266256332397
2018-03-18 04:00:00,-29.944931,-71.196198,cerro2,286.094482421875,0.8308160901069641
2018-03-18 05:00:00,-29.917965,-71.237732,ceaza,63.418846130371094,1.651627540588379
2018-03-18 05:00:00,-29.935963,-71.227356,cerrogrande,22.584823608398438,2.544260025024414
2018-03-18 05:00:00,-29.891006,-71.299988,mar1,204.9766387939453,0.5510903000831604
2018-03-18 05:00:00,-29.926971,-71.299988,mar2,91.2674789428711,1.1980785131454468
2018-03-18 05:00:00,-29.890984,-71.248138,tierra,11.598339080810547,1.614963173866272
2018-03-18 05:00:00,-29.917950,-71.196228,aeropuerto,259.0229187011719,0.9325029253959656
2018-03-18 05:00:00,-29.890957,-71.196259,cerro1,31.537803649902344,1.4131485223770142
2018-03-18 05:00:00,-29.944931,-71.196198,cerro2,283.26824951171875,0.9012423157691956
2018-03-18 06:00:00,-29.917965,-71.237732,ceaza,55.426788330078125,1.726506233215332
2018-03-18 06:00:00,-29.935963,-71.227356,cerrogrande,25.27987289428711,2.5566630363464355
2018-03-18 06:00:00,-29.891006,-71.299988,mar1,315.47705078125,1.005044937133789
2018-03-18 06:00:00,-29.926971,-71.299988,mar2,64.72046661376953,1.180450439453125
2018-03-18 06:00:00,-29.890984,-71.248138,tierra,14.044571876525879,1.5547738075256348
2018-03-18 06:00:00,-29.917950,-71.196228,aeropuerto,220.4989013671875,0.44884154200553894
2018-03-18 06:00:00,-29.890957,-71.196259,cerro1,37.047828674316406,1.3409614562988281
2018-03-18 06:00:00,-29.944931,-71.196198,cerro2,222.6326904296875,0.3129926323890686
2018-03-18 07:00:00,-29.917965,-71.237732,ceaza,70.32798767089844,1.776093602180481
2018-03-18 07:00:00,-29.935963,-71.227356,cerrogrande,43.48480224609375,2.182188034057617
2018-03-18 07:00:00,-29.891006,-71.299988,mar1,338.9153747558594,1.3695194721221924
2018-03-18 07:00:00,-29.926971,-71.299988,mar2,15.334968566894531,0.9466895461082458
2018-03-18 07:00:00,-29.890984,-71.248138,tierra,24.52716827392578,1.397965669631958
2018-03-18 07:00:00,-29.917950,-71.196228,aeropuerto,163.01893615722656,0.8643943071365356
2018-03-18 07:00:00,-29.890957,-71.196259,cerro1,53.46018981933594,1.2695120573043823
2018-03-18 07:00:00,-29.944931,-71.196198,cerro2,147.60812377929688,0.9152393937110901
2018-03-18 08:00:00,-29.917965,-71.237732,ceaza,85.40434265136719,1.8572509288787842
2018-03-18 08:00:00,-29.935963,-71.227356,cerrogrande,62.34945297241211,2.0323896408081055
2018-03-18 08:00:00,-29.891006,-71.299988,mar1,351.64459228515625,1.2929234504699707
2018-03-18 08:00:00,-29.926971,-71.299988,mar2,41.69317626953125,1.4832459688186646
2018-03-18 08:00:00,-29.890984,-71.248138,tierra,59.27699279785156,1.3650476932525635
2018-03-18 08:00:00,-29.917950,-71.196228,aeropuerto,158.4559326171875,0.9258272051811218
2018-03-18 08:00:00,-29.890957,-71.196259,cerro1,66.8514175415039,1.2305136919021606
2018-03-18 08:00:00,-29.944931,-71.196198,cerro2,146.85415649414062,1.1947917938232422
2018-03-18 09:00:00,-29.917965,-71.237732,ceaza,87.61678314208984,1.677840232849121
2018-03-18 09:00:00,-29.935963,-71.227356,cerrogrande,64.78023529052734,1.6198397874832153
2018-03-18 09:00:00,-29.891006,-71.299988,mar1,359.7716979980469,0.7233226895332336
2018-03-18 09:00:00,-29.926971,-71.299988,mar2,47.87911605834961,1.8769233226776123
2018-03-18 09:00:00,-29.890984,-71.248138,tierra,70.2492446899414,1.270986795425415
2018-03-18 09:00:00,-29.917950,-71.196228,aeropuerto,160.7803955078125,0.7704190611839294
2018-03-18 09:00:00,-29.890957,-71.196259,cerro1,55.753170013427734,0.7906588315963745
2018-03-18 09:00:00,-29.944931,-71.196198,cerro2,160.40597534179688,0.9049687385559082
2018-03-18 10:00:00,-29.917965,-71.237732,ceaza,84.344970703125,1.5723884105682373
2018-03-18 10:00:00,-29.935963,-71.227356,cerrogrande,58.90176010131836,1.3854012489318848
2018-03-18 10:00:00,-29.891006,-71.299988,mar1,19.551307678222656,1.0515013933181763
2018-03-18 10:00:00,-29.926971,-71.299988,mar2,48.24678421020508,1.9495482444763184
2018-03-18 10:00:00,-29.890984,-71.248138,tierra,38.120399475097656,1.3985795974731445
2018-03-18 10:00:00,-29.917950,-71.196228,aeropuerto,157.9501190185547,0.452172189950943
2018-03-18 10:00:00,-29.890957,-71.196259,cerro1,345.2104797363281,1.099499225616455
2018-03-18 10:00:00,-29.944931,-71.196198,cerro2,177.7565155029297,0.6157383918762207
2018-03-18 11:00:00,-29.917965,-71.237732,ceaza,84.00159454345703,1.3491902351379395
2018-03-18 11:00:00,-29.935963,-71.227356,cerrogrande,50.44411087036133,1.1883304119110107
2018-03-18 11:00:00,-29.891006,-71.299988,mar1,18.988367080688477,1.5379358530044556
2018-03-18 11:00:00,-29.926971,-71.299988,mar2,52.53878402709961,1.718841791152954
2018-03-18 11:00:00,-29.890984,-71.248138,tierra,33.341060638427734,1.203981637954712
2018-03-18 11:00:00,-29.917950,-71.196228,aeropuerto,173.70230102539062,0.5062766075134277
2018-03-18 11:00:00,-29.890957,-71.196259,cerro1,332.1365661621094,1.6900396347045898
2018-03-18 11:00:00,-29.944931,-71.196198,cerro2,201.25831604003906,0.4896821081638336
2018-03-18 12:00:00,-29.917965,-71.237732,ceaza,48.81458282470703,0.8891633749008179
2018-03-18 12:00:00,-29.935963,-71.227356,cerrogrande,28.966882705688477,0.980478048324585
2018-03-18 12:00:00,-29.891006,-71.299988,mar1,7.417950630187988,1.0672600269317627
2018-03-18 12:00:00,-29.926971,-71.299988,mar2,48.627952575683594,1.40667724609375
2018-03-18 12:00:00,-29.890984,-71.248138,tierra,8.554924964904785,0.8155477643013
2018-03-18 12:00:00,-29.917950,-71.196228,aeropuerto,112.19711303710938,0.18921580910682678
2018-03-18 12:00:00,-29.890957,-71.196259,cerro1,299.3470764160156,1.0178297758102417
2018-03-18 12:00:00,-29.944931,-71.196198,cerro2,219.2669219970703,0.20044951140880585
2018-03-18 13:00:00,-29.917965,-71.237732,ceaza,295.711181640625,1.101452350616455
2018-03-18 13:00:00,-29.935963,-71.227356,cerrogrande,303.81201171875,1.2008723020553589
2018-03-18 13:00:00,-29.891006,-71.299988,mar1,349.1035461425781,0.8441997170448303
2018-03-18 13:00:00,-29.926971,-71.299988,mar2,353.809326171875,0.7248684763908386
2018-03-18 13:00:00,-29.890984,-71.248138,tierra,290.17657470703125,1.0005038976669312
2018-03-18 13:00:00,-29.917950,-71.196228,aeropuerto,301.8330383300781,1.1161915063858032
2018-03-18 13:00:00,-29.890957,-71.196259,cerro1,263.9311828613281,1.9479378461837769
2018-03-18 13:00:00,-29.944931,-71.196198,cerro2,311.8247985839844,1.1535874605178833
2018-03-18 14:00:00,-29.917965,-71.237732,ceaza,287.4957275390625,2.4845471382141113
2018-03-18 14:00:00,-29.935963,-71.227356,cerrogrande,283.3903503417969,2.2852113246917725
2018-03-18 14:00:00,-29.891006,-71.299988,mar1,270.1867980957031,1.4736140966415405
2018-03-18 14:00:00,-29.926971,-71.299988,mar2,302.14727783203125,1.1160221099853516
2018-03-18 14:00:00,-29.890984,-71.248138,tierra,281.18408203125,2.3047871589660645
2018-03-18 14:00:00,-29.917950,-71.196228,aeropuerto,292.1468505859375,2.078064441680908
2018-03-18 14:00:00,-29.890957,-71.196259,cerro1,263.625,2.8507065773010254
2018-03-18 14:00:00,-29.944931,-71.196198,cerro2,294.03778076171875,2.079885959625244
2018-03-18 15:00:00,-29.917965,-71.237732,ceaza,289.23565673828125,3.4309799671173096
2018-03-18 15:00:00,-29.935963,-71.227356,cerrogrande,285.3955383300781,3.3968803882598877
2018-03-18 15:00:00,-29.891006,-71.299988,mar1,281.6102294921875,2.343018054962158
2018-03-18 15:00:00,-29.926971,-71.299988,mar2,300.1829528808594,2.8621551990509033
2018-03-18 15:00:00,-29.890984,-71.248138,tierra,282.0339050292969,2.957078218460083
2018-03-18 15:00:00,-29.917950,-71.196228,aeropuerto,290.82049560546875,3.3181612491607666
2018-03-18 15:00:00,-29.890957,-71.196259,cerro1,272.29534912109375,4.0109100341796875
2018-03-18 15:00:00,-29.944931,-71.196198,cerro2,286.4859313964844,3.225221633911133
2018-03-18 16:00:00,-29.917965,-71.237732,ceaza,291.224609375,4.059327125549316
2018-03-18 16:00:00,-29.935963,-71.227356,cerrogrande,287.82452392578125,4.105821132659912
2018-03-18 16:00:00,-29.891006,-71.299988,mar1,282.4085388183594,3.166130781173706
2018-03-18 16:00:00,-29.926971,-71.299988,mar2,295.6747741699219,3.6837944984436035
2018-03-18 16:00:00,-29.890984,-71.248138,tierra,288.4802551269531,3.488034248352051
2018-03-18 16:00:00,-29.917950,-71.196228,aeropuerto,292.38958740234375,4.174868106842041
2018-03-18 16:00:00,-29.890957,-71.196259,cerro1,276.23944091796875,4.850993633270264
2018-03-18 16:00:00,-29.944931,-71.196198,cerro2,286.0315856933594,4.058363437652588
2018-03-18 17:00:00,-29.917965,-71.237732,ceaza,294.94842529296875,4.206820964813232
2018-03-18 17:00:00,-29.935963,-71.227356,cerrogrande,292.4565734863281,4.322964191436768
2018-03-18 17:00:00,-29.891006,-71.299988,mar1,305.058349609375,3.4750759601593018
2018-03-18 17:00:00,-29.926971,-71.299988,mar2,313.6864318847656,3.7592809200286865
2018-03-18 17:00:00,-29.890984,-71.248138,tierra,292.5979919433594,3.554215908050537
2018-03-18 17:00:00,-29.917950,-71.196228,aeropuerto,294.836669921875,4.43937349319458
2018-03-18 17:00:00,-29.890957,-71.196259,cerro1,279.5577392578125,5.278067111968994
2018-03-18 17:00:00,-29.944931,-71.196198,cerro2,289.6484680175781,4.376026153564453
2018-03-18 18:00:00,-29.917965,-71.237732,ceaza,301.02410888671875,4.043933868408203
2018-03-18 18:00:00,-29.935963,-71.227356,cerrogrande,301.3168640136719,4.300607681274414
2018-03-18 18:00:00,-29.891006,-71.299988,mar1,298.6862487792969,3.1585805416107178
2018-03-18 18:00:00,-29.926971,-71.299988,mar2,285.82440185546875,4.322516918182373
2018-03-18 18:00:00,-29.890984,-71.248138,tierra,293.5710144042969,3.668576717376709
2018-03-18 18:00:00,-29.917950,-71.196228,aeropuerto,299.5594482421875,4.5871052742004395
2018-03-18 18:00:00,-29.890957,-71.196259,cerro1,286.5269775390625,5.681613922119141
2018-03-18 18:00:00,-29.944931,-71.196198,cerro2,296.7182312011719,4.507516384124756
2018-03-18 19:00:00,-29.917965,-71.237732,ceaza,292.759765625,3.9426417350769043
2018-03-18 19:00:00,-29.935963,-71.227356,cerrogrande,295.3191833496094,4.202664375305176
2018-03-18 19:00:00,-29.891006,-71.299988,mar1,260.32037353515625,4.938449382781982
2018-03-18 19:00:00,-29.926971,-71.299988,mar2,260.9361572265625,5.518340110778809
2018-03-18 19:00:00,-29.890984,-71.248138,tierra,286.9453125,3.6302473545074463
2018-03-18 19:00:00,-29.917950,-71.196228,aeropuerto,311.7978820800781,4.5702409744262695
2018-03-18 19:00:00,-29.890957,-71.196259,cerro1,293.3956604003906,5.809025764465332
2018-03-18 19:00:00,-29.944931,-71.196198,cerro2,308.2864685058594,4.496412754058838
2018-03-18 20:00:00,-29.917965,-71.237732,ceaza,283.3499755859375,4.093171119689941
2018-03-18 20:00:00,-29.935963,-71.227356,cerrogrande,297.0579528808594,4.543979644775391
2018-03-18 20:00:00,-29.891006,-71.299988,mar1,258.0189208984375,4.947906970977783
2018-03-18 20:00:00,-29.926971,-71.299988,mar2,257.1522521972656,5.575005054473877
2018-03-18 20:00:00,-29.890984,-71.248138,tierra,270.1207580566406,3.6176249980926514
2018-03-18 20:00:00,-29.917950,-71.196228,aeropuerto,311.9649658203125,4.455088138580322
2018-03-18 20:00:00,-29.890957,-71.196259,cerro1,296.5924377441406,5.431475639343262
2018-03-18 20:00:00,-29.944931,-71.196198,cerro2,304.5042724609375,4.458700180053711
2018-03-18 21:00:00,-29.917965,-71.237732,ceaza,275.1637268066406,4.059299945831299
2018-03-18 21:00:00,-29.935963,-71.227356,cerrogrande,295.8765869140625,4.177946090698242
2018-03-18 21:00:00,-29.891006,-71.299988,mar1,250.8430938720703,5.384858131408691
2018-03-18 21:00:00,-29.926971,-71.299988,mar2,250.55316162109375,5.628418922424316
2018-03-18 21:00:00,-29.890984,-71.248138,tierra,263.5476379394531,3.47900652885437
2018-03-18 21:00:00,-29.917950,-71.196228,aeropuerto,311.9561462402344,4.061429977416992
2018-03-18 21:00:00,-29.890957,-71.196259,cerro1,303.8868408203125,5.362244606018066
2018-03-18 21:00:00,-29.944931,-71.196198,cerro2,307.72100830078125,4.0799150466918945
2018-03-18 22:00:00,-29.917965,-71.237732,ceaza,272.3515319824219,3.248286008834839
2018-03-18 22:00:00,-29.935963,-71.227356,cerrogrande,299.00408935546875,3.2288033962249756
2018-03-18 22:00:00,-29.891006,-71.299988,mar1,254.10113525390625,5.198248386383057
2018-03-18 22:00:00,-29.926971,-71.299988,mar2,247.67372131347656,5.260683059692383
2018-03-18 22:00:00,-29.890984,-71.248138,tierra,288.4311218261719,2.7221786975860596
2018-03-18 22:00:00,-29.917950,-71.196228,aeropuerto,325.9740905761719,4.500550746917725
2018-03-18 22:00:00,-29.890957,-71.196259,cerro1,312.42523193359375,5.536888122558594
2018-03-18 22:00:00,-29.944931,-71.196198,cerro2,313.6259460449219,3.297807216644287
2018-03-18 23:00:00,-29.917965,-71.237732,ceaza,343.7711486816406,3.5479416847229004
2018-03-18 23:00:00,-29.935963,-71.227356,cerrogrande,351.73822021484375,3.610105037689209
2018-03-18 23:00:00,-29.891006,-71.299988,mar1,256.17724609375,4.7753119468688965
2018-03-18 23:00:00,-29.926971,-71.299988,mar2,251.19308471679688,4.4615159034729
2018-03-18 23:00:00,-29.890984,-71.248138,tierra,335.75897216796875,3.6411101818084717
2018-03-18 23:00:00,-29.917950,-71.196228,aeropuerto,321.4490966796875,3.933847427368164
2018-03-18 23:00:00,-29.890957,-71.196259,cerro1,322.4055480957031,5.36146879196167
2018-03-18 23:00:00,-29.944931,-71.196198,cerro2,331.08306884765625,2.9768378734588623
2018-03-19 00:00:00,-29.917965,-71.237732,ceaza,354.3856506347656,3.3090503215789795
2018-03-19 00:00:00,-29.935963,-71.227356,cerrogrande,1.8792657852172852,3.6913516521453857
2018-03-19 00:00:00,-29.891006,-71.299988,mar1,269.6674499511719,2.862238645553589
2018-03-19 00:00:00,-29.926971,-71.299988,mar2,258.7849426269531,3.6585052013397217
2018-03-19 00:00:00,-29.890984,-71.248138,tierra,344.2679748535156,3.4697649478912354
2018-03-19 00:00:00,-29.917950,-71.196228,aeropuerto,321.55328369140625,2.8220255374908447
2018-03-19 00:00:00,-29.890957,-71.196259,cerro1,329.5462646484375,4.661044597625732
2018-03-19 00:00:00,-29.944931,-71.196198,cerro2,342.4644775390625,1.2788927555084229
2018-03-19 01:00:00,-29.917965,-71.237732,ceaza,6.904348373413086,2.71120285987854
2018-03-19 01:00:00,-29.935963,-71.227356,cerrogrande,8.020475387573242,3.462124824523926
2018-03-19 01:00:00,-29.891006,-71.299988,mar1,313.7339172363281,2.4433398246765137
2018-03-19 01:00:00,-29.926971,-71.299988,mar2,257.51708984375,2.845595359802246
2018-03-19 01:00:00,-29.890984,-71.248138,tierra,349.36346435546875,3.3352081775665283
2018-03-19 01:00:00,-29.917950,-71.196228,aeropuerto,311.94781494140625,1.8356757164001465
2018-03-19 01:00:00,-29.890957,-71.196259,cerro1,333.76220703125,4.079535961151123
2018-03-19 01:00:00,-29.944931,-71.196198,cerro2,344.5343933105469,0.6754376292228699
2018-03-19 02:00:00,-29.917965,-71.237732,ceaza,15.187920570373535,2.512676477432251
2018-03-19 02:00:00,-29.935963,-71.227356,cerrogrande,13.766268730163574,3.256619691848755
2018-03-19 02:00:00,-29.891006,-71.299988,mar1,277.6868591308594,2.3123891353607178
2018-03-19 02:00:00,-29.926971,-71.299988,mar2,252.6776123046875,2.1045260429382324
2018-03-19 02:00:00,-29.890984,-71.248138,tierra,354.3122863769531,3.139113664627075
2018-03-19 02:00:00,-29.917950,-71.196228,aeropuerto,310.1077880859375,1.6805219650268555
2018-03-19 02:00:00,-29.890957,-71.196259,cerro1,334.8079528808594,3.933068037033081
2018-03-19 02:00:00,-29.944931,-71.196198,cerro2,347.308349609375,0.477181613445282
2018-03-19 03:00:00,-29.917965,-71.237732,ceaza,20.450334548950195,2.27402925491333
2018-03-19 03:00:00,-29.935963,-71.227356,cerrogrande,18.933185577392578,2.9336509704589844
2018-03-19 03:00:00,-29.891006,-71.299988,mar1,268.8427429199219,2.112438440322876
2018-03-19 03:00:00,-29.926971,-71.299988,mar2,261.2273254394531,1.388137698173523
2018-03-19 03:00:00,-29.890984,-71.248138,tierra,357.8802185058594,2.958444356918335
2018-03-19 03:00:00,-29.917950,-71.196228,aeropuerto,301.596435546875,1.2290070056915283
2018-03-19 03:00:00,-29.890957,-71.196259,cerro1,334.55731201171875,3.8292360305786133
2018-03-19 03:00:00,-29.944931,-71.196198,cerro2,106.18153381347656,0.13697348535060883
2018-03-19 04:00:00,-29.917965,-71.237732,ceaza,28.864408493041992,1.916649341583252
2018-03-19 04:00:00,-29.935963,-71.227356,cerrogrande,24.949325561523438,2.5414700508117676
2018-03-19 04:00:00,-29.891006,-71.299988,mar1,264.0372314453125,1.8243942260742188
2018-03-19 04:00:00,-29.926971,-71.299988,mar2,295.9915771484375,1.0260841846466064
2018-03-19 04:00:00,-29.890984,-71.248138,tierra,1.013070821762085,2.6075499057769775
2018-03-19 04:00:00,-29.917950,-71.196228,aeropuerto,267.70623779296875,0.7128981351852417
2018-03-19 04:00:00,-29.890957,-71.196259,cerro1,333.42279052734375,3.5178794860839844
2018-03-19 04:00:00,-29.944931,-71.196198,cerro2,139.23208618164062,0.4342103898525238
2018-03-19 05:00:00,-29.917965,-71.237732,ceaza,42.49891662597656,1.7131106853485107
2018-03-19 05:00:00,-29.935963,-71.227356,cerrogrande,34.02892303466797,2.3259947299957275
2018-03-19 05:00:00,-29.891006,-71.299988,mar1,269.5259704589844,1.4517383575439453
2018-03-19 05:00:00,-29.926971,-71.299988,mar2,322.5313720703125,1.1209787130355835
2018-03-19 05:00:00,-29.890984,-71.248138,tierra,3.777148485183716,2.460374116897583
2018-03-19 05:00:00,-29.917950,-71.196228,aeropuerto,220.82339477539062,0.4919520616531372
2018-03-19 05:00:00,-29.890957,-71.196259,cerro1,335.3001403808594,3.0408663749694824
2018-03-19 05:00:00,-29.944931,-71.196198,cerro2,135.3627166748047,0.7046798467636108
2018-03-19 06:00:00,-29.917965,-71.237732,ceaza,57.73657989501953,1.6847302913665771
2018-03-19 06:00:00,-29.935963,-71.227356,cerrogrande,40.599647521972656,2.28253436088562
2018-03-19 06:00:00,-29.891006,-71.299988,mar1,269.5080261230469,1.5145103931427002
2018-03-19 06:00:00,-29.926971,-71.299988,mar2,315.278076171875,1.0402528047561646
2018-03-19 06:00:00,-29.890984,-71.248138,tierra,4.4702348709106445,2.3474998474121094
2018-03-19 06:00:00,-29.917950,-71.196228,aeropuerto,181.56060791015625,0.4228806495666504
2018-03-19 06:00:00,-29.890957,-71.196259,cerro1,339.61395263671875,2.583495616912842
2018-03-19 06:00:00,-29.944931,-71.196198,cerro2,136.91648864746094,0.8258035778999329
2018-03-19 07:00:00,-29.917965,-71.237732,ceaza,61.783199310302734,1.665817379951477
2018-03-19 07:00:00,-29.935963,-71.227356,cerrogrande,42.434268951416016,2.282405138015747
2018-03-19 07:00:00,-29.891006,-71.299988,mar1,264.1011962890625,1.7224611043930054
2018-03-19 07:00:00,-29.926971,-71.299988,mar2,296.5379943847656,0.9905412197113037
2018-03-19 07:00:00,-29.890984,-71.248138,tierra,2.088665008544922,2.257957696914673
2018-03-19 07:00:00,-29.917950,-71.196228,aeropuerto,159.81101989746094,0.37695953249931335
2018-03-19 07:00:00,-29.890957,-71.196259,cerro1,339.59442138671875,2.4751930236816406
2018-03-19 07:00:00,-29.944931,-71.196198,cerro2,139.13302612304688,0.859138548374176
2018-03-19 08:00:00,-29.917965,-71.237732,ceaza,61.250728607177734,1.599684476852417
2018-03-19 08:00:00,-29.935963,-71.227356,cerrogrande,43.91368865966797,2.2032837867736816
2018-03-19 08:00:00,-29.891006,-71.299988,mar1,271.813720703125,1.4959458112716675
2018-03-19 08:00:00,-29.926971,-71.299988,mar2,298.1206359863281,0.9302937388420105
2018-03-19 08:00:00,-29.890984,-71.248138,tierra,3.918067455291748,2.1578972339630127
2018-03-19 08:00:00,-29.917950,-71.196228,aeropuerto,146.3639678955078,0.39828720688819885
2018-03-19 08:00:00,-29.890957,-71.196259,cerro1,336.6073913574219,2.4744977951049805
2018-03-19 08:00:00,-29.944931,-71.196198,cerro2,137.58712768554688,0.9551483392715454
2018-03-19 09:00:00,-29.917965,-71.237732,ceaza,63.85068893432617,1.560544729232788
2018-03-19 09:00:00,-29.935963,-71.227356,cerrogrande,44.473594665527344,2.0719566345214844
2018-03-19 09:00:00,-29.891006,-71.299988,mar1,290.89923095703125,1.2115862369537354
2018-03-19 09:00:00,-29.926971,-71.299988,mar2,312.2669677734375,1.0129075050354004
2018-03-19 09:00:00,-29.890984,-71.248138,tierra,5.9443278312683105,2.0464720726013184
2018-03-19 09:00:00,-29.917950,-71.196228,aeropuerto,139.7010498046875,0.4541110694408417
2018-03-19 09:00:00,-29.890957,-71.196259,cerro1,336.5160217285156,2.357762098312378
2018-03-19 09:00:00,-29.944931,-71.196198,cerro2,139.13742065429688,0.9540405869483948
2018-03-19 10:00:00,-29.917965,-71.237732,ceaza,70.5336685180664,1.5227372646331787
2018-03-19 10:00:00,-29.935963,-71.227356,cerrogrande,47.758087158203125,1.9308242797851562
2018-03-19 10:00:00,-29.891006,-71.299988,mar1,303.65472412109375,1.101731777191162
2018-03-19 10:00:00,-29.926971,-71.299988,mar2,318.4535217285156,1.1195498704910278
2018-03-19 10:00:00,-29.890984,-71.248138,tierra,7.867417812347412,1.9086788892745972
2018-03-19 10:00:00,-29.917950,-71.196228,aeropuerto,144.72738647460938,0.5042213201522827
2018-03-19 10:00:00,-29.890957,-71.196259,cerro1,337.543701171875,2.1888246536254883
2018-03-19 10:00:00,-29.944931,-71.196198,cerro2,142.9247283935547,0.9706478118896484
2018-03-19 11:00:00,-29.917965,-71.237732,ceaza,74.7934799194336,1.4338215589523315
2018-03-19 11:00:00,-29.935963,-71.227356,cerrogrande,48.497581481933594,1.7738916873931885
2018-03-19 11:00:00,-29.891006,-71.299988,mar1,313.2338562011719,1.0273120403289795
2018-03-19 11:00:00,-29.926971,-71.299988,mar2,327.8303527832031,1.0574064254760742
2018-03-19 11:00:00,-29.890984,-71.248138,tierra,10.869715690612793,1.7804136276245117
2018-03-19 11:00:00,-29.917950,-71.196228,aeropuerto,152.4890594482422,0.5425822138786316
2018-03-19 11:00:00,-29.890957,-71.196259,cerro1,337.3542785644531,2.089477300643921
2018-03-19 11:00:00,-29.944931,-71.196198,cerro2,149.29681396484375,0.9135410785675049
2018-03-19 12:00:00,-29.917965,-71.237732,ceaza,12.804408073425293,1.3213906288146973
2018-03-19 12:00:00,-29.935963,-71.227356,cerrogrande,7.752646446228027,1.757609248161316
2018-03-19 12:00:00,-29.891006,-71.299988,mar1,316.9222412109375,1.0693702697753906
2018-03-19 12:00:00,-29.926971,-71.299988,mar2,326.00396728515625,1.0254437923431396
2018-03-19 12:00:00,-29.890984,-71.248138,tierra,349.2142333984375,1.872402548789978
2018-03-19 12:00:00,-29.917950,-71.196228,aeropuerto,323.86602783203125,0.683557391166687
2018-03-19 12:00:00,-29.890957,-71.196259,cerro1,309.7326965332031,2.316438913345337
2018-03-19 12:00:00,-29.944931,-71.196198,cerro2,347.0220642089844,0.20549918711185455
2018-03-19 13:00:00,-29.917965,-71.237732,ceaza,314.6186218261719,2.0533721446990967
2018-03-19 13:00:00,-29.935963,-71.227356,cerrogrande,320.33294677734375,2.046064853668213
2018-03-19 13:00:00,-29.891006,-71.299988,mar1,288.96319580078125,1.2797783613204956
2018-03-19 13:00:00,-29.926971,-71.299988,mar2,302.6575012207031,1.171000599861145
2018-03-19 13:00:00,-29.890984,-71.248138,tierra,308.64813232421875,2.021317720413208
2018-03-19 13:00:00,-29.917950,-71.196228,aeropuerto,305.89349365234375,2.044889450073242
2018-03-19 13:00:00,-29.890957,-71.196259,cerro1,288.08154296875,2.7830581665039062
2018-03-19 13:00:00,-29.944931,-71.196198,cerro2,325.1269836425781,1.7261513471603394
2018-03-19 14:00:00,-29.917965,-71.237732,ceaza,296.8505859375,2.736192464828491
2018-03-19 14:00:00,-29.935963,-71.227356,cerrogrande,295.3583679199219,2.7974138259887695
2018-03-19 14:00:00,-29.891006,-71.299988,mar1,277.3245544433594,1.7663756608963013
2018-03-19 14:00:00,-29.926971,-71.299988,mar2,307.5574035644531,1.833521842956543
2018-03-19 14:00:00,-29.890984,-71.248138,tierra,286.50506591796875,2.4913575649261475
2018-03-19 14:00:00,-29.917950,-71.196228,aeropuerto,292.6076354980469,2.72533917427063
2018-03-19 14:00:00,-29.890957,-71.196259,cerro1,272.15576171875,3.620124578475952
2018-03-19 14:00:00,-29.944931,-71.196198,cerro2,304.2190856933594,2.6862802505493164
2018-03-19 15:00:00,-29.917965,-71.237732,ceaza,286.858642578125,3.62416934967041
2018-03-19 15:00:00,-29.935963,-71.227356,cerrogrande,283.71002197265625,3.736604690551758
2018-03-19 15:00:00,-29.891006,-71.299988,mar1,270.17822265625,2.828315496444702
2018-03-19 15:00:00,-29.926971,-71.299988,mar2,290.8292541503906,3.3914613723754883
2018-03-19 15:00:00,-29.890984,-71.248138,tierra,282.3958740234375,3.1183881759643555
2018-03-19 15:00:00,-29.917950,-71.196228,aeropuerto,293.71026611328125,3.6446497440338135
2018-03-19 15:00:00,-29.890957,-71.196259,cerro1,273.72747802734375,4.308039665222168
2018-03-19 15:00:00,-29.944931,-71.196198,cerro2,284.31683349609375,3.6444175243377686
2018-03-19 16:00:00,-29.917965,-71.237732,ceaza,282.9718933105469,4.285257339477539
2018-03-19 16:00:00,-29.935963,-71.227356,cerrogrande,285.1270751953125,4.386038780212402
2018-03-19 16:00:00,-29.891006,-71.299988,mar1,256.5341796875,4.333495140075684
2018-03-19 16:00:00,-29.926971,-71.299988,mar2,269.4027099609375,4.680477619171143
2018-03-19 16:00:00,-29.890984,-71.248138,tierra,276.48529052734375,3.7811708450317383
2018-03-19 16:00:00,-29.917950,-71.196228,aeropuerto,292.98712158203125,4.374173164367676
2018-03-19 16:00:00,-29.890957,-71.196259,cerro1,277.91162109375,5.077521324157715
2018-03-19 16:00:00,-29.944931,-71.196198,cerro2,283.9021301269531,4.360542297363281
2018-03-19 17:00:00,-29.917965,-71.237732,ceaza,279.4645690917969,4.731027603149414
2018-03-19 17:00:00,-29.935963,-71.227356,cerrogrande,287.0049133300781,4.763150215148926
2018-03-19 17:00:00,-29.891006,-71.299988,mar1,248.13856506347656,5.201334476470947
2018-03-19 17:00:00,-29.926971,-71.299988,mar2,258.5865478515625,5.564254283905029
2018-03-19 17:00:00,-29.890984,-71.248138,tierra,268.1536865234375,4.158863067626953
2018-03-19 17:00:00,-29.917950,-71.196228,aeropuerto,295.2260437011719,4.678779125213623
2018-03-19 17:00:00,-29.890957,-71.196259,cerro1,281.1445007324219,5.435391426086426
2018-03-19 17:00:00,-29.944931,-71.196198,cerro2,288.8687438964844,4.8416242599487305
2018-03-19 18:00:00,-29.917965,-71.237732,ceaza,279.7638244628906,5.213578224182129
2018-03-19 18:00:00,-29.935963,-71.227356,cerrogrande,289.9761657714844,5.111384391784668
2018-03-19 18:00:00,-29.891006,-71.299988,mar1,247.92141723632812,6.133296966552734
2018-03-19 18:00:00,-29.926971,-71.299988,mar2,252.74656677246094,6.300624370574951
2018-03-19 18:00:00,-29.890984,-71.248138,tierra,264.5308532714844,4.845590591430664
2018-03-19 18:00:00,-29.917950,-71.196228,aeropuerto,294.5517578125,5.043161392211914
2018-03-19 18:00:00,-29.890957,-71.196259,cerro1,282.1034851074219,5.878224849700928
2018-03-19 18:00:00,-29.944931,-71.196198,cerro2,294.4908142089844,5.048583984375
2018-03-19 19:00:00,-29.917965,-71.237732,ceaza,274.7772216796875,5.1449432373046875
2018-03-19 19:00:00,-29.935963,-71.227356,cerrogrande,285.6304931640625,5.14561128616333
2018-03-19 19:00:00,-29.891006,-71.299988,mar1,245.40267944335938,6.831153869628906
2018-03-19 19:00:00,-29.926971,-71.299988,mar2,247.29083251953125,6.768284797668457
2018-03-19 19:00:00,-29.890984,-71.248138,tierra,266.2496337890625,4.667682647705078
2018-03-19 19:00:00,-29.917950,-71.196228,aeropuerto,301.2380676269531,5.126481533050537
2018-03-19 19:00:00,-29.890957,-71.196259,cerro1,285.2732849121094,6.0948357582092285
2018-03-19 19:00:00,-29.944931,-71.196198,cerro2,297.0008239746094,4.860082149505615
2018-03-19 20:00:00,-29.917965,-71.237732,ceaza,269.83392333984375,5.1524658203125
2018-03-19 20:00:00,-29.935963,-71.227356,cerrogrande,282.9234313964844,5.261878490447998
2018-03-19 20:00:00,-29.891006,-71.299988,mar1,243.96713256835938,6.73014497756958
2018-03-19 20:00:00,-29.926971,-71.299988,mar2,246.18873596191406,6.783745765686035
2018-03-19 20:00:00,-29.890984,-71.248138,tierra,262.2762756347656,4.553866863250732
2018-03-19 20:00:00,-29.917950,-71.196228,aeropuerto,297.3701171875,5.020883083343506
2018-03-19 20:00:00,-29.890957,-71.196259,cerro1,285.99951171875,5.859065532684326
2018-03-19 20:00:00,-29.944931,-71.196198,cerro2,296.2502136230469,4.945464611053467
2018-03-19 21:00:00,-29.917965,-71.237732,ceaza,268.82537841796875,4.732513904571533
2018-03-19 21:00:00,-29.935963,-71.227356,cerrogrande,282.86962890625,4.864132881164551
2018-03-19 21:00:00,-29.891006,-71.299988,mar1,243.53895568847656,6.501327037811279
2018-03-19 21:00:00,-29.926971,-71.299988,mar2,246.03822326660156,6.341062068939209
2018-03-19 21:00:00,-29.890984,-71.248138,tierra,262.8411560058594,4.1819353103637695
2018-03-19 21:00:00,-29.917950,-71.196228,aeropuerto,296.7628173828125,4.600600719451904
2018-03-19 21:00:00,-29.890957,-71.196259,cerro1,292.0867919921875,5.43102502822876
2018-03-19 21:00:00,-29.944931,-71.196198,cerro2,298.3647155761719,4.556362152099609
2018-03-19 22:00:00,-29.917965,-71.237732,ceaza,269.0521240234375,3.8802571296691895
2018-03-19 22:00:00,-29.935963,-71.227356,cerrogrande,286.1990966796875,3.9457719326019287
2018-03-19 22:00:00,-29.891006,-71.299988,mar1,242.84814453125,6.0762619972229
2018-03-19 22:00:00,-29.926971,-71.299988,mar2,244.423583984375,5.737482070922852
2018-03-19 22:00:00,-29.890984,-71.248138,tierra,265.9053649902344,3.368617534637451
2018-03-19 22:00:00,-29.917950,-71.196228,aeropuerto,304.67767333984375,3.9648146629333496
2018-03-19 22:00:00,-29.890957,-71.196259,cerro1,300.4352722167969,4.961466312408447
2018-03-19 22:00:00,-29.944931,-71.196198,cerro2,299.4336242675781,3.839010238647461
2018-03-19 23:00:00,-29.917965,-71.237732,ceaza,282.4138488769531,2.320816993713379
2018-03-19 23:00:00,-29.935963,-71.227356,cerrogrande,302.70892333984375,2.808626890182495
2018-03-19 23:00:00,-29.891006,-71.299988,mar1,239.30087280273438,5.4480695724487305
2018-03-19 23:00:00,-29.926971,-71.299988,mar2,239.8621063232422,5.237898349761963
2018-03-19 23:00:00,-29.890984,-71.248138,tierra,281.9737854003906,1.9247483015060425
2018-03-19 23:00:00,-29.917950,-71.196228,aeropuerto,323.3507995605469,3.750643253326416
2018-03-19 23:00:00,-29.890957,-71.196259,cerro1,314.6421203613281,4.757624626159668
2018-03-19 23:00:00,-29.944931,-71.196198,cerro2,314.11981201171875,2.6540098190307617
2018-03-20 00:00:00,-29.917965,-71.237732,ceaza,343.49688720703125,2.3579020500183105
2018-03-20 00:00:00,-29.935963,-71.227356,cerrogrande,354.37615966796875,2.985969305038452
2018-03-20 00:00:00,-29.891006,-71.299988,mar1,235.68521118164062,5.1510090827941895
2018-03-20 00:00:00,-29.926971,-71.299988,mar2,245.4734649658203,4.6582746505737305
2018-03-20 00:00:00,-29.890984,-71.248138,tierra,333.66485595703125,2.001185894012451
2018-03-20 00:00:00,-29.917950,-71.196228,aeropuerto,327.2992248535156,3.446903705596924
2018-03-20 00:00:00,-29.890957,-71.196259,cerro1,324.5117492675781,4.6957902908325195
2018-03-20 00:00:00,-29.944931,-71.196198,cerro2,339.8233642578125,2.086378335952759
