date,wind_speed,wind_dir,name,lat,lon
2018-03-01 00:00:00,2.176,206.823,cerrogrande,-29.938475,-71.223505
2018-03-01 01:00:00,1.452,245.081,cerrogrande,-29.938475,-71.223505
2018-03-01 02:00:00,0.693,230.293,cerrogrande,-29.938475,-71.223505
2018-03-01 03:00:00,0.215,198.098,cerrogrande,-29.938475,-71.223505
2018-03-01 04:00:00,1.571,196.271,cerrogrande,-29.938475,-71.223505
2018-03-01 05:00:00,1.398,194.9,cerrogrande,-29.938475,-71.223505
2018-03-01 06:00:00,2.176,199.462,cerrogrande,-29.938475,-71.223505
2018-03-01 07:00:00,1.55,215.019,cerrogrande,-29.938475,-71.223505
2018-03-01 08:00:00,1.552,270.538,cerrogrande,-29.938475,-71.223505
2018-03-01 09:00:00,2.435,293.431,cerrogrande,-29.938475,-71.223505
2018-03-01 10:00:00,3.477,286.6,cerrogrande,-29.938475,-71.223505
2018-03-01 11:00:00,4.61,300.613,cerrogrande,-29.938475,-71.223505
2018-03-01 12:00:00,4.585,311.301,cerrogrande,-29.938475,-71.223505
2018-03-01 13:00:00,4.891,313.715,cerrogrande,-29.938475,-71.223505
2018-03-01 14:00:00,5.33,314.67,cerrogrande,-29.938475,-71.223505
2018-03-01 15:00:00,5.295,319.082,cerrogrande,-29.938475,-71.223505
2018-03-01 16:00:00,4.59,319.922,cerrogrande,-29.938475,-71.223505
2018-03-01 17:00:00,4.159,319.837,cerrogrande,-29.938475,-71.223505
2018-03-01 18:00:00,3.463,332.231,cerrogrande,-29.938475,-71.223505
2018-03-01 19:00:00,2.965,345.484,cerrogrande,-29.938475,-71.223505
2018-03-01 20:00:00,2.975,352.616,cerrogrande,-29.938475,-71.223505
2018-03-01 21:00:00,3.128,359.528,cerrogrande,-29.938475,-71.223505
2018-03-01 22:00:00,1.806,24.913,cerrogrande,-29.938475,-71.223505
2018-03-01 23:00:00,1.089,345.866,cerrogrande,-29.938475,-71.223505
2018-03-02 00:00:00,1.155,314.604,cerrogrande,-29.938475,-71.223505
2018-03-02 01:00:00,0.727,312.545,cerrogrande,-29.938475,-71.223505
2018-03-02 02:00:00,0.38,9.549,cerrogrande,-29.938475,-71.223505
2018-03-02 03:00:00,0.562,338.229,cerrogrande,-29.938475,-71.223505
2018-03-02 04:00:00,0.69,328.878,cerrogrande,-29.938475,-71.223505
2018-03-02 05:00:00,0.886,317.102,cerrogrande,-29.938475,-71.223505
2018-03-02 06:00:00,1.204,344.529,cerrogrande,-29.938475,-71.223505
2018-03-02 07:00:00,1.109,330.417,cerrogrande,-29.938475,-71.223505
2018-03-02 08:00:00,0.817,329.468,cerrogrande,-29.938475,-71.223505
2018-03-02 09:00:00,1.109,298.074,cerrogrande,-29.938475,-71.223505
2018-03-02 10:00:00,1.597,294.83,cerrogrande,-29.938475,-71.223505
2018-03-02 11:00:00,2.345,298.102,cerrogrande,-29.938475,-71.223505
2018-03-02 12:00:00,3.099,274.35,cerrogrande,-29.938475,-71.223505
2018-03-02 13:00:00,5.035,296.882,cerrogrande,-29.938475,-71.223505
2018-03-02 14:00:00,5.4,302.013,cerrogrande,-29.938475,-71.223505
2018-03-02 15:00:00,6.163,298.457,cerrogrande,-29.938475,-71.223505
2018-03-02 16:00:00,5.915,306.597,cerrogrande,-29.938475,-71.223505
2018-03-02 17:00:00,5.72,318.797,cerrogrande,-29.938475,-71.223505
2018-03-02 18:00:00,4.449,329.739,cerrogrande,-29.938475,-71.223505
2018-03-02 19:00:00,3.583,341.354,cerrogrande,-29.938475,-71.223505
2018-03-02 20:00:00,3.533,10.145,cerrogrande,-29.938475,-71.223505
2018-03-02 21:00:00,2.273,19.491,cerrogrande,-29.938475,-71.223505
2018-03-02 22:00:00,0.679,65.424,cerrogrande,-29.938475,-71.223505
2018-03-02 23:00:00,0.874,230.861,cerrogrande,-29.938475,-71.223505
2018-03-03 00:00:00,2.105,213.329,cerrogrande,-29.938475,-71.223505
2018-03-03 01:00:00,1.821,230.315,cerrogrande,-29.938475,-71.223505
2018-03-03 02:00:00,1.845,280.026,cerrogrande,-29.938475,-71.223505
2018-03-03 03:00:00,1.58,304.245,cerrogrande,-29.938475,-71.223505
2018-03-03 04:00:00,0.761,263.857,cerrogrande,-29.938475,-71.223505
2018-03-03 05:00:00,0.711,316.737,cerrogrande,-29.938475,-71.223505
2018-03-03 06:00:00,0.975,289.883,cerrogrande,-29.938475,-71.223505
2018-03-03 07:00:00,1.288,323.385,cerrogrande,-29.938475,-71.223505
2018-03-03 08:00:00,0.957,346.172,cerrogrande,-29.938475,-71.223505
2018-03-03 09:00:00,0.728,333.682,cerrogrande,-29.938475,-71.223505
2018-03-03 10:00:00,1.228,308.517,cerrogrande,-29.938475,-71.223505
2018-03-03 11:00:00,2.717,298.608,cerrogrande,-29.938475,-71.223505
2018-03-03 12:00:00,4.043,305.76,cerrogrande,-29.938475,-71.223505
2018-03-03 13:00:00,5.543,310.958,cerrogrande,-29.938475,-71.223505
2018-03-03 14:00:00,6.151,313.854,cerrogrande,-29.938475,-71.223505
2018-03-03 15:00:00,5.489,316.412,cerrogrande,-29.938475,-71.223505
2018-03-03 16:00:00,5.967,314.138,cerrogrande,-29.938475,-71.223505
2018-03-03 17:00:00,6.24,316.598,cerrogrande,-29.938475,-71.223505
2018-03-03 18:00:00,5.532,318.48,cerrogrande,-29.938475,-71.223505
2018-03-03 19:00:00,3.698,331.063,cerrogrande,-29.938475,-71.223505
2018-03-03 20:00:00,2.728,344.376,cerrogrande,-29.938475,-71.223505
2018-03-03 21:00:00,2.312,348.802,cerrogrande,-29.938475,-71.223505
2018-03-03 22:00:00,1.162,352.364,cerrogrande,-29.938475,-71.223505
2018-03-03 23:00:00,0.229,317.866,cerrogrande,-29.938475,-71.223505
2018-03-04 00:00:00,0.43,323.18,cerrogrande,-29.938475,-71.223505
2018-03-04 01:00:00,1.753,321.089,cerrogrande,-29.938475,-71.223505
2018-03-04 02:00:00,0.953,355.751,cerrogrande,-29.938475,-71.223505
2018-03-04 03:00:00,0.549,55.677,cerrogrande,-29.938475,-71.223505
2018-03-04 04:00:00,0.567,97.182,cerrogrande,-29.938475,-71.223505
2018-03-04 05:00:00,0.562,131.047,cerrogrande,-29.938475,-71.223505
2018-03-04 06:00:00,1.035,273.016,cerrogrande,-29.938475,-71.223505
2018-03-04 07:00:00,0.969,281.392,cerrogrande,-29.938475,-71.223505
2018-03-04 08:00:00,1.248,298.906,cerrogrande,-29.938475,-71.223505
2018-03-04 09:00:00,2.396,321.552,cerrogrande,-29.938475,-71.223505
2018-03-04 10:00:00,2.691,322.39,cerrogrande,-29.938475,-71.223505
2018-03-04 11:00:00,1.999,323.742,cerrogrande,-29.938475,-71.223505
2018-03-04 12:00:00,3.275,302.47,cerrogrande,-29.938475,-71.223505
2018-03-04 13:00:00,3.77,308.215,cerrogrande,-29.938475,-71.223505
2018-03-04 14:00:00,4.883,310.619,cerrogrande,-29.938475,-71.223505
2018-03-04 15:00:00,5.64,325.112,cerrogrande,-29.938475,-71.223505
2018-03-04 16:00:00,5.195,339.333,cerrogrande,-29.938475,-71.223505
2018-03-04 17:00:00,4.509,340.307,cerrogrande,-29.938475,-71.223505
2018-03-04 18:00:00,3.539,333.547,cerrogrande,-29.938475,-71.223505
2018-03-04 19:00:00,3.554,338.05,cerrogrande,-29.938475,-71.223505
2018-03-04 20:00:00,2.566,6.071,cerrogrande,-29.938475,-71.223505
2018-03-04 21:00:00,2.013,82.257,cerrogrande,-29.938475,-71.223505
2018-03-04 22:00:00,0.718,355.933,cerrogrande,-29.938475,-71.223505
2018-03-04 23:00:00,0.66,8.587,cerrogrande,-29.938475,-71.223505
2018-03-05 00:00:00,1.224,94.451,cerrogrande,-29.938475,-71.223505
2018-03-05 01:00:00,0.274,54.451,cerrogrande,-29.938475,-71.223505
2018-03-05 02:00:00,1.275,191.999,cerrogrande,-29.938475,-71.223505
2018-03-05 03:00:00,0.39,215.701,cerrogrande,-29.938475,-71.223505
2018-03-05 04:00:00,0.147,355.55,cerrogrande,-29.938475,-71.223505
2018-03-05 05:00:00,0.411,237.209,cerrogrande,-29.938475,-71.223505
2018-03-05 06:00:00,0.528,193.475,cerrogrande,-29.938475,-71.223505
2018-03-05 07:00:00,0.544,196.685,cerrogrande,-29.938475,-71.223505
2018-03-05 08:00:00,1.617,233.69,cerrogrande,-29.938475,-71.223505
2018-03-05 09:00:00,2.868,223.131,cerrogrande,-29.938475,-71.223505
2018-03-05 10:00:00,2.953,216.057,cerrogrande,-29.938475,-71.223505
2018-03-05 11:00:00,4.903,269.786,cerrogrande,-29.938475,-71.223505
2018-03-05 12:00:00,6.306,308.248,cerrogrande,-29.938475,-71.223505
2018-03-05 13:00:00,6.226,306.912,cerrogrande,-29.938475,-71.223505
2018-03-05 14:00:00,5.75,310.889,cerrogrande,-29.938475,-71.223505
2018-03-05 15:00:00,5.193,312.087,cerrogrande,-29.938475,-71.223505
2018-03-05 16:00:00,4.183,306.749,cerrogrande,-29.938475,-71.223505
2018-03-05 17:00:00,4.251,318.268,cerrogrande,-29.938475,-71.223505
2018-03-05 18:00:00,4.139,308.644,cerrogrande,-29.938475,-71.223505
2018-03-05 19:00:00,3.206,313.339,cerrogrande,-29.938475,-71.223505
2018-03-05 20:00:00,2.192,321.491,cerrogrande,-29.938475,-71.223505
2018-03-05 21:00:00,1.739,350.331,cerrogrande,-29.938475,-71.223505
2018-03-05 22:00:00,1.762,347.715,cerrogrande,-29.938475,-71.223505
2018-03-05 23:00:00,1.165,23.848,cerrogrande,-29.938475,-71.223505
2018-03-06 00:00:00,2.312,93.362,cerrogrande,-29.938475,-71.223505
2018-03-06 01:00:00,1.312,92.104,cerrogrande,-29.938475,-71.223505
2018-03-06 02:00:00,0.696,191.826,cerrogrande,-29.938475,-71.223505
2018-03-06 03:00:00,1.607,243.67,cerrogrande,-29.938475,-71.223505
2018-03-06 04:00:00,1.634,273.826,cerrogrande,-29.938475,-71.223505
2018-03-06 05:00:00,1.754,282.408,cerrogrande,-29.938475,-71.223505
2018-03-06 06:00:00,0.745,264.407,cerrogrande,-29.938475,-71.223505
2018-03-06 07:00:00,1.092,3.252,cerrogrande,-29.938475,-71.223505
2018-03-06 08:00:00,1.458,308.992,cerrogrande,-29.938475,-71.223505
2018-03-06 09:00:00,3.445,324.912,cerrogrande,-29.938475,-71.223505
2018-03-06 10:00:00,3.503,320.602,cerrogrande,-29.938475,-71.223505
2018-03-06 11:00:00,2.931,320.473,cerrogrande,-29.938475,-71.223505
2018-03-06 12:00:00,2.59,311.409,cerrogrande,-29.938475,-71.223505
2018-03-06 13:00:00,3.527,313.317,cerrogrande,-29.938475,-71.223505
2018-03-06 14:00:00,4.172,312.734,cerrogrande,-29.938475,-71.223505
2018-03-06 15:00:00,4.1,312.704,cerrogrande,-29.938475,-71.223505
2018-03-06 16:00:00,3.517,313.962,cerrogrande,-29.938475,-71.223505
2018-03-06 17:00:00,3.329,311.603,cerrogrande,-29.938475,-71.223505
2018-03-06 18:00:00,2.918,310.594,cerrogrande,-29.938475,-71.223505
2018-03-06 19:00:00,3.682,278.073,cerrogrande,-29.938475,-71.223505
2018-03-06 20:00:00,2.767,287.618,cerrogrande,-29.938475,-71.223505
2018-03-06 21:00:00,2.193,275.466,cerrogrande,-29.938475,-71.223505
2018-03-06 22:00:00,1.264,284.499,cerrogrande,-29.938475,-71.223505
2018-03-06 23:00:00,0.721,311.078,cerrogrande,-29.938475,-71.223505
2018-03-07 00:00:00,0.344,6.858,cerrogrande,-29.938475,-71.223505
2018-03-07 01:00:00,0.786,29.508,cerrogrande,-29.938475,-71.223505
2018-03-07 02:00:00,0.321,57.258,cerrogrande,-29.938475,-71.223505
2018-03-07 03:00:00,0.745,23.559,cerrogrande,-29.938475,-71.223505
2018-03-07 04:00:00,0.789,89.679,cerrogrande,-29.938475,-71.223505
2018-03-07 05:00:00,2.162,95.14,cerrogrande,-29.938475,-71.223505
2018-03-07 06:00:00,1.624,120.223,cerrogrande,-29.938475,-71.223505
2018-03-07 07:00:00,1.088,177.79,cerrogrande,-29.938475,-71.223505
2018-03-07 08:00:00,0.856,227.01,cerrogrande,-29.938475,-71.223505
2018-03-07 09:00:00,2.347,286.051,cerrogrande,-29.938475,-71.223505
2018-03-07 10:00:00,3.657,301.17,cerrogrande,-29.938475,-71.223505
2018-03-07 11:00:00,4.62,308.338,cerrogrande,-29.938475,-71.223505
2018-03-07 12:00:00,4.479,304.913,cerrogrande,-29.938475,-71.223505
2018-03-07 13:00:00,4.264,304.347,cerrogrande,-29.938475,-71.223505
2018-03-07 14:00:00,5.032,307.09,cerrogrande,-29.938475,-71.223505
2018-03-07 15:00:00,5.345,308.345,cerrogrande,-29.938475,-71.223505
2018-03-07 16:00:00,5.737,308.675,cerrogrande,-29.938475,-71.223505
2018-03-07 17:00:00,5.303,308.035,cerrogrande,-29.938475,-71.223505
2018-03-07 18:00:00,4.926,305.739,cerrogrande,-29.938475,-71.223505
2018-03-07 19:00:00,3.866,300.247,cerrogrande,-29.938475,-71.223505
2018-03-07 20:00:00,2.373,321.434,cerrogrande,-29.938475,-71.223505
2018-03-07 21:00:00,2.012,318.61,cerrogrande,-29.938475,-71.223505
2018-03-07 22:00:00,2.075,308.239,cerrogrande,-29.938475,-71.223505
2018-03-07 23:00:00,1.302,298.61,cerrogrande,-29.938475,-71.223505
2018-03-08 00:00:00,1.102,24.084,cerrogrande,-29.938475,-71.223505
2018-03-08 01:00:00,1.077,47.139,cerrogrande,-29.938475,-71.223505
2018-03-08 02:00:00,1.366,23.484,cerrogrande,-29.938475,-71.223505
2018-03-08 03:00:00,1.614,85.793,cerrogrande,-29.938475,-71.223505
2018-03-08 04:00:00,2.279,109.809,cerrogrande,-29.938475,-71.223505
2018-03-08 05:00:00,1.213,102.013,cerrogrande,-29.938475,-71.223505
2018-03-08 06:00:00,1.189,324.45,cerrogrande,-29.938475,-71.223505
2018-03-08 07:00:00,1.301,321.366,cerrogrande,-29.938475,-71.223505
2018-03-08 08:00:00,0.939,330.832,cerrogrande,-29.938475,-71.223505
2018-03-08 09:00:00,1.088,296.27,cerrogrande,-29.938475,-71.223505
2018-03-08 10:00:00,2.634,294.491,cerrogrande,-29.938475,-71.223505
2018-03-08 11:00:00,3.5,289.063,cerrogrande,-29.938475,-71.223505
2018-03-08 12:00:00,5.157,297.457,cerrogrande,-29.938475,-71.223505
2018-03-08 13:00:00,6.182,309.344,cerrogrande,-29.938475,-71.223505
2018-03-08 14:00:00,6.331,306.522,cerrogrande,-29.938475,-71.223505
2018-03-08 15:00:00,6.632,307.985,cerrogrande,-29.938475,-71.223505
2018-03-08 16:00:00,6.28,311.732,cerrogrande,-29.938475,-71.223505
2018-03-08 17:00:00,5.892,313.656,cerrogrande,-29.938475,-71.223505
2018-03-08 18:00:00,4.819,321.154,cerrogrande,-29.938475,-71.223505
2018-03-08 19:00:00,2.823,329.943,cerrogrande,-29.938475,-71.223505
2018-03-08 20:00:00,1.99,341.163,cerrogrande,-29.938475,-71.223505
2018-03-08 21:00:00,1.891,1.642,cerrogrande,-29.938475,-71.223505
2018-03-08 22:00:00,2.271,52.818,cerrogrande,-29.938475,-71.223505
2018-03-08 23:00:00,1.6,77.707,cerrogrande,-29.938475,-71.223505
2018-03-09 00:00:00,1.878,96.178,cerrogrande,-29.938475,-71.223505
2018-03-09 01:00:00,1.67,101.674,cerrogrande,-29.938475,-71.223505
2018-03-09 02:00:00,0.799,166.427,cerrogrande,-29.938475,-71.223505
2018-03-09 03:00:00,1.08,203.342,cerrogrande,-29.938475,-71.223505
2018-03-09 04:00:00,0.763,176.782,cerrogrande,-29.938475,-71.223505
2018-03-09 05:00:00,0.999,278.089,cerrogrande,-29.938475,-71.223505
2018-03-09 06:00:00,0.387,357.022,cerrogrande,-29.938475,-71.223505
2018-03-09 07:00:00,1.354,64.69,cerrogrande,-29.938475,-71.223505
2018-03-09 08:00:00,1.605,332.97,cerrogrande,-29.938475,-71.223505
2018-03-09 09:00:00,3.972,324.435,cerrogrande,-29.938475,-71.223505
2018-03-09 10:00:00,3.974,316.041,cerrogrande,-29.938475,-71.223505
2018-03-09 11:00:00,3.784,321.664,cerrogrande,-29.938475,-71.223505
2018-03-09 12:00:00,4.957,306.846,cerrogrande,-29.938475,-71.223505
2018-03-09 13:00:00,5.766,304.218,cerrogrande,-29.938475,-71.223505
2018-03-09 14:00:00,6.084,307.577,cerrogrande,-29.938475,-71.223505
2018-03-09 15:00:00,5.223,309.339,cerrogrande,-29.938475,-71.223505
2018-03-09 16:00:00,5.169,314.953,cerrogrande,-29.938475,-71.223505
2018-03-09 17:00:00,5.354,310.308,cerrogrande,-29.938475,-71.223505
2018-03-09 18:00:00,3.879,322.037,cerrogrande,-29.938475,-71.223505
2018-03-09 19:00:00,1.717,316.125,cerrogrande,-29.938475,-71.223505
2018-03-09 20:00:00,0.871,30.614,cerrogrande,-29.938475,-71.223505
2018-03-09 21:00:00,2.279,80.031,cerrogrande,-29.938475,-71.223505
2018-03-09 22:00:00,2.651,44.014,cerrogrande,-29.938475,-71.223505
2018-03-09 23:00:00,3.036,31.978,cerrogrande,-29.938475,-71.223505
2018-03-10 00:00:00,1.818,55.661,cerrogrande,-29.938475,-71.223505
2018-03-10 01:00:00,0.98,129.433,cerrogrande,-29.938475,-71.223505
2018-03-10 02:00:00,2.257,177.625,cerrogrande,-29.938475,-71.223505
2018-03-10 03:00:00,2.045,181.604,cerrogrande,-29.938475,-71.223505
2018-03-10 04:00:00,1.476,181.131,cerrogrande,-29.938475,-71.223505
2018-03-10 05:00:00,1.247,151.839,cerrogrande,-29.938475,-71.223505
2018-03-10 06:00:00,1.757,127.262,cerrogrande,-29.938475,-71.223505
2018-03-10 07:00:00,2.002,114.907,cerrogrande,-29.938475,-71.223505
2018-03-10 08:00:00,2.043,108.64,cerrogrande,-29.938475,-71.223505
2018-03-10 09:00:00,1.112,49.121,cerrogrande,-29.938475,-71.223505
2018-03-10 10:00:00,2.022,307.647,cerrogrande,-29.938475,-71.223505
2018-03-10 11:00:00,2.78,325.488,cerrogrande,-29.938475,-71.223505
2018-03-10 12:00:00,3.789,325.805,cerrogrande,-29.938475,-71.223505
2018-03-10 13:00:00,4.368,328.114,cerrogrande,-29.938475,-71.223505
2018-03-10 14:00:00,4.88,326.163,cerrogrande,-29.938475,-71.223505
2018-03-10 15:00:00,4.678,329.131,cerrogrande,-29.938475,-71.223505
2018-03-10 16:00:00,4.062,325.34,cerrogrande,-29.938475,-71.223505
2018-03-10 17:00:00,3.365,332.446,cerrogrande,-29.938475,-71.223505
2018-03-10 18:00:00,3.532,338.905,cerrogrande,-29.938475,-71.223505
2018-03-10 19:00:00,2.822,358.297,cerrogrande,-29.938475,-71.223505
2018-03-10 20:00:00,1.259,5.845,cerrogrande,-29.938475,-71.223505
2018-03-10 21:00:00,1.1,13.524,cerrogrande,-29.938475,-71.223505
2018-03-10 22:00:00,1.799,92.32,cerrogrande,-29.938475,-71.223505
2018-03-10 23:00:00,1.992,127.384,cerrogrande,-29.938475,-71.223505
2018-03-11 00:00:00,1.68,181.26,cerrogrande,-29.938475,-71.223505
2018-03-11 01:00:00,1.406,176.587,cerrogrande,-29.938475,-71.223505
2018-03-11 02:00:00,0.988,144.39,cerrogrande,-29.938475,-71.223505
2018-03-11 03:00:00,0.581,171.907,cerrogrande,-29.938475,-71.223505
2018-03-11 04:00:00,0.571,198.267,cerrogrande,-29.938475,-71.223505
2018-03-11 05:00:00,0.74,202.801,cerrogrande,-29.938475,-71.223505
2018-03-11 06:00:00,0.344,176.938,cerrogrande,-29.938475,-71.223505
2018-03-11 07:00:00,0.741,162.547,cerrogrande,-29.938475,-71.223505
2018-03-11 08:00:00,0.633,183.293,cerrogrande,-29.938475,-71.223505
2018-03-11 09:00:00,0.723,49.525,cerrogrande,-29.938475,-71.223505
2018-03-11 10:00:00,0.847,310.096,cerrogrande,-29.938475,-71.223505
2018-03-11 11:00:00,0.993,284.58,cerrogrande,-29.938475,-71.223505
2018-03-11 12:00:00,2.039,315.286,cerrogrande,-29.938475,-71.223505
2018-03-11 13:00:00,3.4,329.314,cerrogrande,-29.938475,-71.223505
2018-03-11 14:00:00,4.116,327.878,cerrogrande,-29.938475,-71.223505
2018-03-11 15:00:00,2.317,325.398,cerrogrande,-29.938475,-71.223505
2018-03-11 16:00:00,3.602,324.481,cerrogrande,-29.938475,-71.223505
2018-03-11 17:00:00,4.154,327.169,cerrogrande,-29.938475,-71.223505
2018-03-11 18:00:00,2.942,316.567,cerrogrande,-29.938475,-71.223505
2018-03-11 19:00:00,1.997,301.372,cerrogrande,-29.938475,-71.223505
2018-03-11 20:00:00,0.625,329.059,cerrogrande,-29.938475,-71.223505
2018-03-11 21:00:00,1.272,271.324,cerrogrande,-29.938475,-71.223505
2018-03-11 22:00:00,0.664,270.8,cerrogrande,-29.938475,-71.223505
2018-03-11 23:00:00,0.406,259.469,cerrogrande,-29.938475,-71.223505
2018-03-12 00:00:00,0.551,162.052,cerrogrande,-29.938475,-71.223505
2018-03-12 01:00:00,0.896,66.86,cerrogrande,-29.938475,-71.223505
2018-03-12 02:00:00,1.251,58.622,cerrogrande,-29.938475,-71.223505
2018-03-12 03:00:00,0.568,325.619,cerrogrande,-29.938475,-71.223505
2018-03-12 04:00:00,1.549,265.979,cerrogrande,-29.938475,-71.223505
2018-03-12 05:00:00,1.532,228.101,cerrogrande,-29.938475,-71.223505
2018-03-12 06:00:00,1.603,123.746,cerrogrande,-29.938475,-71.223505
2018-03-12 07:00:00,3.425,200.437,cerrogrande,-29.938475,-71.223505
2018-03-12 08:00:00,3.577,180.072,cerrogrande,-29.938475,-71.223505
2018-03-12 09:00:00,4.64,182.973,cerrogrande,-29.938475,-71.223505
2018-03-12 10:00:00,4.058,220.777,cerrogrande,-29.938475,-71.223505
2018-03-12 11:00:00,5.075,240.245,cerrogrande,-29.938475,-71.223505
2018-03-12 12:00:00,5.825,263.005,cerrogrande,-29.938475,-71.223505
2018-03-12 13:00:00,6.905,291.462,cerrogrande,-29.938475,-71.223505
2018-03-12 14:00:00,6.702,303.915,cerrogrande,-29.938475,-71.223505
2018-03-12 15:00:00,6.062,317.305,cerrogrande,-29.938475,-71.223505
2018-03-12 16:00:00,4.125,323.921,cerrogrande,-29.938475,-71.223505
2018-03-12 17:00:00,3.145,321.54,cerrogrande,-29.938475,-71.223505
2018-03-12 18:00:00,2.6,330.303,cerrogrande,-29.938475,-71.223505
2018-03-12 19:00:00,1.851,337.193,cerrogrande,-29.938475,-71.223505
2018-03-12 20:00:00,1.866,347.239,cerrogrande,-29.938475,-71.223505
2018-03-12 21:00:00,1.247,325.403,cerrogrande,-29.938475,-71.223505
2018-03-12 22:00:00,0.714,349.694,cerrogrande,-29.938475,-71.223505
2018-03-12 23:00:00,0.578,130.509,cerrogrande,-29.938475,-71.223505
2018-03-13 00:00:00,0.645,252.824,cerrogrande,-29.938475,-71.223505
2018-03-13 01:00:00,2.336,190.397,cerrogrande,-29.938475,-71.223505
2018-03-13 02:00:00,2.055,197.488,cerrogrande,-29.938475,-71.223505
2018-03-13 03:00:00,1.695,192.174,cerrogrande,-29.938475,-71.223505
2018-03-13 04:00:00,2.5,165.934,cerrogrande,-29.938475,-71.223505
2018-03-13 05:00:00,3.165,178.525,cerrogrande,-29.938475,-71.223505
2018-03-13 06:00:00,1.508,180.761,cerrogrande,-29.938475,-71.223505
2018-03-13 07:00:00,0.95,208.246,cerrogrande,-29.938475,-71.223505
2018-03-13 08:00:00,0.978,218.959,cerrogrande,-29.938475,-71.223505
2018-03-13 09:00:00,1.829,169.805,cerrogrande,-29.938475,-71.223505
2018-03-13 10:00:00,1.717,210.225,cerrogrande,-29.938475,-71.223505
2018-03-13 11:00:00,2.56,256.905,cerrogrande,-29.938475,-71.223505
2018-03-13 12:00:00,5.336,290.691,cerrogrande,-29.938475,-71.223505
2018-03-13 13:00:00,5.577,308.814,cerrogrande,-29.938475,-71.223505
2018-03-13 14:00:00,6.142,313.949,cerrogrande,-29.938475,-71.223505
2018-03-13 15:00:00,5.85,313.047,cerrogrande,-29.938475,-71.223505
2018-03-13 16:00:00,4.744,309.136,cerrogrande,-29.938475,-71.223505
2018-03-13 17:00:00,3.612,296.969,cerrogrande,-29.938475,-71.223505
2018-03-13 18:00:00,3.396,299.138,cerrogrande,-29.938475,-71.223505
2018-03-13 19:00:00,1.466,297.154,cerrogrande,-29.938475,-71.223505
2018-03-13 20:00:00,2.082,192.274,cerrogrande,-29.938475,-71.223505
2018-03-13 21:00:00,2.025,174.01,cerrogrande,-29.938475,-71.223505
2018-03-13 22:00:00,3.177,178.65,cerrogrande,-29.938475,-71.223505
2018-03-13 23:00:00,3.406,184.773,cerrogrande,-29.938475,-71.223505
2018-03-14 00:00:00,3.182,177.934,cerrogrande,-29.938475,-71.223505
2018-03-14 01:00:00,2.889,176.842,cerrogrande,-29.938475,-71.223505
2018-03-14 02:00:00,1.628,228.842,cerrogrande,-29.938475,-71.223505
2018-03-14 03:00:00,0.693,296.004,cerrogrande,-29.938475,-71.223505
2018-03-14 04:00:00,1.174,69.976,cerrogrande,-29.938475,-71.223505
2018-03-14 05:00:00,1.61,94.789,cerrogrande,-29.938475,-71.223505
2018-03-14 06:00:00,0.961,144.875,cerrogrande,-29.938475,-71.223505
2018-03-14 07:00:00,2.593,199.252,cerrogrande,-29.938475,-71.223505
2018-03-14 08:00:00,1.597,184.711,cerrogrande,-29.938475,-71.223505
2018-03-14 09:00:00,1.038,232.198,cerrogrande,-29.938475,-71.223505
2018-03-14 10:00:00,1.835,275.784,cerrogrande,-29.938475,-71.223505
2018-03-14 11:00:00,2.934,300.888,cerrogrande,-29.938475,-71.223505
2018-03-14 12:00:00,4.366,317.506,cerrogrande,-29.938475,-71.223505
2018-03-14 13:00:00,4.128,320.383,cerrogrande,-29.938475,-71.223505
2018-03-14 14:00:00,4.435,325.259,cerrogrande,-29.938475,-71.223505
2018-03-14 15:00:00,3.863,329.187,cerrogrande,-29.938475,-71.223505
2018-03-14 16:00:00,3.816,327.448,cerrogrande,-29.938475,-71.223505
2018-03-14 17:00:00,2.894,331.581,cerrogrande,-29.938475,-71.223505
2018-03-14 18:00:00,1.991,324.621,cerrogrande,-29.938475,-71.223505
2018-03-14 19:00:00,0.968,326.898,cerrogrande,-29.938475,-71.223505
2018-03-14 20:00:00,0.975,53.712,cerrogrande,-29.938475,-71.223505
2018-03-14 21:00:00,1.302,115.734,cerrogrande,-29.938475,-71.223505
2018-03-14 22:00:00,1.981,205.092,cerrogrande,-29.938475,-71.223505
2018-03-14 23:00:00,1.752,177.89,cerrogrande,-29.938475,-71.223505
2018-03-15 00:00:00,1.075,116.585,cerrogrande,-29.938475,-71.223505
2018-03-15 01:00:00,1.837,97.406,cerrogrande,-29.938475,-71.223505
2018-03-15 02:00:00,3.17,100.275,cerrogrande,-29.938475,-71.223505
2018-03-15 03:00:00,2.575,111.293,cerrogrande,-29.938475,-71.223505
2018-03-15 04:00:00,1.762,141.728,cerrogrande,-29.938475,-71.223505
2018-03-15 05:00:00,1.078,176.788,cerrogrande,-29.938475,-71.223505
2018-03-15 06:00:00,1.212,162.095,cerrogrande,-29.938475,-71.223505
2018-03-15 07:00:00,1.085,93.688,cerrogrande,-29.938475,-71.223505
2018-03-15 08:00:00,1.697,91.637,cerrogrande,-29.938475,-71.223505
2018-03-15 09:00:00,1.376,354.831,cerrogrande,-29.938475,-71.223505
2018-03-15 10:00:00,3.0,255.313,cerrogrande,-29.938475,-71.223505
2018-03-15 11:00:00,4.194,242.673,cerrogrande,-29.938475,-71.223505
2018-03-15 12:00:00,5.883,280.256,cerrogrande,-29.938475,-71.223505
2018-03-15 13:00:00,7.498,296.985,cerrogrande,-29.938475,-71.223505
2018-03-15 14:00:00,7.547,306.208,cerrogrande,-29.938475,-71.223505
2018-03-15 15:00:00,4.65,292.601,cerrogrande,-29.938475,-71.223505
2018-03-15 16:00:00,2.87,264.955,cerrogrande,-29.938475,-71.223505
2018-03-15 17:00:00,1.787,241.08,cerrogrande,-29.938475,-71.223505
2018-03-15 18:00:00,1.144,246.604,cerrogrande,-29.938475,-71.223505
2018-03-15 19:00:00,2.099,210.353,cerrogrande,-29.938475,-71.223505
2018-03-15 20:00:00,1.81,257.738,cerrogrande,-29.938475,-71.223505
2018-03-15 21:00:00,1.564,247.886,cerrogrande,-29.938475,-71.223505
2018-03-15 22:00:00,2.325,205.272,cerrogrande,-29.938475,-71.223505
2018-03-15 23:00:00,2.049,190.881,cerrogrande,-29.938475,-71.223505
2018-03-16 00:00:00,2.195,188.316,cerrogrande,-29.938475,-71.223505
2018-03-16 01:00:00,2.749,200.357,cerrogrande,-29.938475,-71.223505
2018-03-16 02:00:00,1.411,179.575,cerrogrande,-29.938475,-71.223505
2018-03-16 03:00:00,1.463,231.467,cerrogrande,-29.938475,-71.223505
2018-03-16 04:00:00,2.114,297.569,cerrogrande,-29.938475,-71.223505
2018-03-16 05:00:00,1.07,316.461,cerrogrande,-29.938475,-71.223505
2018-03-16 06:00:00,0.581,92.408,cerrogrande,-29.938475,-71.223505
2018-03-16 07:00:00,0.563,47.188,cerrogrande,-29.938475,-71.223505
2018-03-16 08:00:00,2.08,295.041,cerrogrande,-29.938475,-71.223505
2018-03-16 09:00:00,3.499,322.798,cerrogrande,-29.938475,-71.223505
2018-03-16 10:00:00,2.953,322.315,cerrogrande,-29.938475,-71.223505
2018-03-16 11:00:00,3.554,305.997,cerrogrande,-29.938475,-71.223505
2018-03-16 12:00:00,3.463,298.345,cerrogrande,-29.938475,-71.223505
2018-03-16 13:00:00,4.176,311.906,cerrogrande,-29.938475,-71.223505
2018-03-16 14:00:00,4.481,310.684,cerrogrande,-29.938475,-71.223505
2018-03-16 15:00:00,5.666,311.214,cerrogrande,-29.938475,-71.223505
2018-03-16 16:00:00,4.76,304.214,cerrogrande,-29.938475,-71.223505
2018-03-16 17:00:00,3.359,315.08,cerrogrande,-29.938475,-71.223505
2018-03-16 18:00:00,1.925,303.57,cerrogrande,-29.938475,-71.223505
2018-03-16 19:00:00,0.918,266.625,cerrogrande,-29.938475,-71.223505
2018-03-16 20:00:00,1.562,267.11,cerrogrande,-29.938475,-71.223505
2018-03-16 21:00:00,0.882,251.763,cerrogrande,-29.938475,-71.223505
2018-03-16 22:00:00,0.773,209.043,cerrogrande,-29.938475,-71.223505
2018-03-16 23:00:00,0.563,173.149,cerrogrande,-29.938475,-71.223505
2018-03-17 00:00:00,1.542,195.956,cerrogrande,-29.938475,-71.223505
2018-03-17 01:00:00,1.601,178.291,cerrogrande,-29.938475,-71.223505
2018-03-17 02:00:00,1.35,190.38,cerrogrande,-29.938475,-71.223505
2018-03-17 03:00:00,0.794,135.943,cerrogrande,-29.938475,-71.223505
2018-03-17 04:00:00,0.559,271.372,cerrogrande,-29.938475,-71.223505
2018-03-17 05:00:00,0.609,213.72,cerrogrande,-29.938475,-71.223505
2018-03-17 06:00:00,1.561,98.391,cerrogrande,-29.938475,-71.223505
2018-03-17 07:00:00,1.27,92.006,cerrogrande,-29.938475,-71.223505
2018-03-17 08:00:00,0.764,39.734,cerrogrande,-29.938475,-71.223505
2018-03-17 09:00:00,0.846,286.233,cerrogrande,-29.938475,-71.223505
2018-03-17 10:00:00,1.545,289.841,cerrogrande,-29.938475,-71.223505
2018-03-17 11:00:00,2.075,314.97,cerrogrande,-29.938475,-71.223505
2018-03-17 12:00:00,3.831,303.572,cerrogrande,-29.938475,-71.223505
2018-03-17 13:00:00,4.651,309.865,cerrogrande,-29.938475,-71.223505
2018-03-17 14:00:00,5.762,305.231,cerrogrande,-29.938475,-71.223505
2018-03-17 15:00:00,5.132,304.047,cerrogrande,-29.938475,-71.223505
2018-03-17 16:00:00,5.053,304.002,cerrogrande,-29.938475,-71.223505
2018-03-17 17:00:00,4.405,304.791,cerrogrande,-29.938475,-71.223505
2018-03-17 18:00:00,2.852,310.045,cerrogrande,-29.938475,-71.223505
2018-03-17 19:00:00,1.266,257.888,cerrogrande,-29.938475,-71.223505
2018-03-17 20:00:00,1.72,99.782,cerrogrande,-29.938475,-71.223505
2018-03-17 21:00:00,1.586,70.512,cerrogrande,-29.938475,-71.223505
2018-03-17 22:00:00,1.397,109.273,cerrogrande,-29.938475,-71.223505
2018-03-17 23:00:00,1.911,106.161,cerrogrande,-29.938475,-71.223505
2018-03-18 00:00:00,1.608,126.74,cerrogrande,-29.938475,-71.223505
2018-03-18 01:00:00,1.686,171.334,cerrogrande,-29.938475,-71.223505
2018-03-18 02:00:00,1.578,217.169,cerrogrande,-29.938475,-71.223505
2018-03-18 03:00:00,0.666,193.844,cerrogrande,-29.938475,-71.223505
2018-03-18 04:00:00,1.38,120.889,cerrogrande,-29.938475,-71.223505
2018-03-18 05:00:00,2.513,106.75,cerrogrande,-29.938475,-71.223505
2018-03-18 06:00:00,3.327,100.75,cerrogrande,-29.938475,-71.223505
2018-03-18 07:00:00,1.886,96.329,cerrogrande,-29.938475,-71.223505
2018-03-18 08:00:00,0.496,58.881,cerrogrande,-29.938475,-71.223505
2018-03-18 09:00:00,0.463,351.115,cerrogrande,-29.938475,-71.223505
2018-03-18 10:00:00,1.83,324.346,cerrogrande,-29.938475,-71.223505
2018-03-18 11:00:00,2.943,314.501,cerrogrande,-29.938475,-71.223505
2018-03-18 12:00:00,3.241,323.555,cerrogrande,-29.938475,-71.223505
2018-03-18 13:00:00,3.556,325.489,cerrogrande,-29.938475,-71.223505
2018-03-18 14:00:00,4.201,330.912,cerrogrande,-29.938475,-71.223505
2018-03-18 15:00:00,4.993,334.398,cerrogrande,-29.938475,-71.223505
2018-03-18 16:00:00,4.584,338.139,cerrogrande,-29.938475,-71.223505
2018-03-18 17:00:00,3.778,338.958,cerrogrande,-29.938475,-71.223505
2018-03-18 18:00:00,3.398,346.514,cerrogrande,-29.938475,-71.223505
2018-03-18 19:00:00,3.648,355.71,cerrogrande,-29.938475,-71.223505
2018-03-18 20:00:00,2.516,6.659,cerrogrande,-29.938475,-71.223505
2018-03-18 21:00:00,1.779,19.003,cerrogrande,-29.938475,-71.223505
2018-03-18 22:00:00,1.057,11.069,cerrogrande,-29.938475,-71.223505
2018-03-18 23:00:00,0.129,5.861,cerrogrande,-29.938475,-71.223505
2018-03-19 00:00:00,1.264,203.936,cerrogrande,-29.938475,-71.223505
2018-03-19 01:00:00,1.677,175.944,cerrogrande,-29.938475,-71.223505
2018-03-19 02:00:00,1.109,156.207,cerrogrande,-29.938475,-71.223505
2018-03-19 03:00:00,1.369,184.592,cerrogrande,-29.938475,-71.223505
2018-03-19 04:00:00,1.946,186.297,cerrogrande,-29.938475,-71.223505
2018-03-19 05:00:00,2.212,194.489,cerrogrande,-29.938475,-71.223505
2018-03-19 06:00:00,2.025,180.439,cerrogrande,-29.938475,-71.223505
2018-03-19 07:00:00,1.892,169.017,cerrogrande,-29.938475,-71.223505
2018-03-19 08:00:00,1.448,148.49,cerrogrande,-29.938475,-71.223505
2018-03-19 09:00:00,0.994,149.702,cerrogrande,-29.938475,-71.223505
2018-03-19 10:00:00,2.956,263.952,cerrogrande,-29.938475,-71.223505
2018-03-19 11:00:00,3.779,304.611,cerrogrande,-29.938475,-71.223505
2018-03-19 12:00:00,3.243,313.95,cerrogrande,-29.938475,-71.223505
2018-03-19 13:00:00,3.76,324.309,cerrogrande,-29.938475,-71.223505
2018-03-19 14:00:00,3.741,327.081,cerrogrande,-29.938475,-71.223505
2018-03-19 15:00:00,4.64,327.897,cerrogrande,-29.938475,-71.223505
2018-03-19 16:00:00,5.112,330.98,cerrogrande,-29.938475,-71.223505
2018-03-19 17:00:00,5.612,348.965,cerrogrande,-29.938475,-71.223505
2018-03-19 18:00:00,4.042,356.058,cerrogrande,-29.938475,-71.223505
2018-03-19 19:00:00,3.424,350.893,cerrogrande,-29.938475,-71.223505
2018-03-19 20:00:00,2.517,352.937,cerrogrande,-29.938475,-71.223505
2018-03-19 21:00:00,1.847,10.863,cerrogrande,-29.938475,-71.223505
2018-03-19 22:00:00,1.386,356.172,cerrogrande,-29.938475,-71.223505
2018-03-19 23:00:00,1.547,347.683,cerrogrande,-29.938475,-71.223505
2018-03-20 00:00:00,1.089,57.102,cerrogrande,-29.938475,-71.223505
2018-03-20 01:00:00,1.041,129.297,cerrogrande,-29.938475,-71.223505
2018-03-20 02:00:00,0.793,161.531,cerrogrande,-29.938475,-71.223505
2018-03-20 03:00:00,1.209,176.756,cerrogrande,-29.938475,-71.223505
2018-03-20 04:00:00,0.763,155.045,cerrogrande,-29.938475,-71.223505
2018-03-20 05:00:00,1.121,72.044,cerrogrande,-29.938475,-71.223505
2018-03-20 06:00:00,0.798,104.563,cerrogrande,-29.938475,-71.223505
2018-03-20 07:00:00,1.892,227.299,cerrogrande,-29.938475,-71.223505
2018-03-20 08:00:00,1.134,213.477,cerrogrande,-29.938475,-71.223505
2018-03-20 09:00:00,0.583,352.193,cerrogrande,-29.938475,-71.223505
2018-03-20 10:00:00,1.614,294.919,cerrogrande,-29.938475,-71.223505
2018-03-20 11:00:00,3.289,309.724,cerrogrande,-29.938475,-71.223505
2018-03-20 12:00:00,4.267,320.649,cerrogrande,-29.938475,-71.223505
2018-03-20 13:00:00,5.179,323.256,cerrogrande,-29.938475,-71.223505
2018-03-20 14:00:00,5.472,323.923,cerrogrande,-29.938475,-71.223505
2018-03-20 15:00:00,4.927,322.669,cerrogrande,-29.938475,-71.223505
2018-03-20 16:00:00,3.812,325.736,cerrogrande,-29.938475,-71.223505
2018-03-20 17:00:00,3.2,321.023,cerrogrande,-29.938475,-71.223505
2018-03-20 18:00:00,3.198,323.341,cerrogrande,-29.938475,-71.223505
2018-03-20 19:00:00,3.379,339.602,cerrogrande,-29.938475,-71.223505
2018-03-20 20:00:00,2.751,359.553,cerrogrande,-29.938475,-71.223505
2018-03-20 21:00:00,2.434,7.647,cerrogrande,-29.938475,-71.223505
2018-03-20 22:00:00,2.545,48.783,cerrogrande,-29.938475,-71.223505
2018-03-20 23:00:00,2.295,109.609,cerrogrande,-29.938475,-71.223505
2018-03-21 00:00:00,1.992,114.342,cerrogrande,-29.938475,-71.223505
2018-03-21 01:00:00,1.264,131.673,cerrogrande,-29.938475,-71.223505
2018-03-21 02:00:00,1.75,192.526,cerrogrande,-29.938475,-71.223505
2018-03-21 03:00:00,2.598,187.535,cerrogrande,-29.938475,-71.223505
2018-03-21 04:00:00,1.662,130.033,cerrogrande,-29.938475,-71.223505
2018-03-21 05:00:00,0.87,28.026,cerrogrande,-29.938475,-71.223505
2018-03-21 06:00:00,1.722,352.0,cerrogrande,-29.938475,-71.223505
2018-03-21 07:00:00,2.77,320.465,cerrogrande,-29.938475,-71.223505
2018-03-21 08:00:00,2.13,299.124,cerrogrande,-29.938475,-71.223505
2018-03-21 09:00:00,1.995,307.991,cerrogrande,-29.938475,-71.223505
2018-03-21 10:00:00,2.391,274.547,cerrogrande,-29.938475,-71.223505
2018-03-21 11:00:00,2.67,298.825,cerrogrande,-29.938475,-71.223505
2018-03-21 12:00:00,3.39,303.228,cerrogrande,-29.938475,-71.223505
2018-03-21 13:00:00,4.575,304.485,cerrogrande,-29.938475,-71.223505
2018-03-21 14:00:00,5.891,305.347,cerrogrande,-29.938475,-71.223505
2018-03-21 15:00:00,6.293,312.923,cerrogrande,-29.938475,-71.223505
2018-03-21 16:00:00,5.643,320.382,cerrogrande,-29.938475,-71.223505
2018-03-21 17:00:00,5.386,333.256,cerrogrande,-29.938475,-71.223505
2018-03-21 18:00:00,4.807,343.586,cerrogrande,-29.938475,-71.223505
2018-03-21 19:00:00,3.894,355.01,cerrogrande,-29.938475,-71.223505
2018-03-21 20:00:00,2.771,51.702,cerrogrande,-29.938475,-71.223505
2018-03-21 21:00:00,1.885,99.842,cerrogrande,-29.938475,-71.223505
2018-03-21 22:00:00,1.276,150.103,cerrogrande,-29.938475,-71.223505
2018-03-21 23:00:00,2.617,198.882,cerrogrande,-29.938475,-71.223505
2018-03-22 00:00:00,2.137,160.921,cerrogrande,-29.938475,-71.223505
2018-03-22 01:00:00,2.617,120.25,cerrogrande,-29.938475,-71.223505
2018-03-22 02:00:00,5.489,110.42,cerrogrande,-29.938475,-71.223505
2018-03-22 03:00:00,2.775,213.262,cerrogrande,-29.938475,-71.223505
2018-03-22 04:00:00,4.984,270.347,cerrogrande,-29.938475,-71.223505
2018-03-22 05:00:00,1.797,38.434,cerrogrande,-29.938475,-71.223505
2018-03-22 06:00:00,4.167,104.941,cerrogrande,-29.938475,-71.223505
2018-03-22 07:00:00,2.844,111.02,cerrogrande,-29.938475,-71.223505
2018-03-22 08:00:00,1.001,117.503,cerrogrande,-29.938475,-71.223505
2018-03-22 09:00:00,1.889,199.625,cerrogrande,-29.938475,-71.223505
2018-03-22 10:00:00,3.749,266.956,cerrogrande,-29.938475,-71.223505
2018-03-22 11:00:00,4.272,312.611,cerrogrande,-29.938475,-71.223505
2018-03-22 12:00:00,3.915,320.73,cerrogrande,-29.938475,-71.223505
2018-03-22 13:00:00,4.205,322.736,cerrogrande,-29.938475,-71.223505
2018-03-22 14:00:00,3.994,327.48,cerrogrande,-29.938475,-71.223505
2018-03-22 15:00:00,4.499,333.622,cerrogrande,-29.938475,-71.223505
2018-03-22 16:00:00,3.193,338.166,cerrogrande,-29.938475,-71.223505
2018-03-22 17:00:00,2.789,342.207,cerrogrande,-29.938475,-71.223505
2018-03-22 18:00:00,2.75,348.198,cerrogrande,-29.938475,-71.223505
2018-03-22 19:00:00,2.511,346.264,cerrogrande,-29.938475,-71.223505
2018-03-22 20:00:00,1.418,23.066,cerrogrande,-29.938475,-71.223505
2018-03-22 21:00:00,1.315,80.672,cerrogrande,-29.938475,-71.223505
2018-03-22 22:00:00,1.682,358.633,cerrogrande,-29.938475,-71.223505
2018-03-22 23:00:00,1.511,346.546,cerrogrande,-29.938475,-71.223505
2018-03-23 00:00:00,1.619,350.453,cerrogrande,-29.938475,-71.223505
2018-03-23 01:00:00,1.918,59.402,cerrogrande,-29.938475,-71.223505
2018-03-23 02:00:00,2.408,79.179,cerrogrande,-29.938475,-71.223505
2018-03-23 03:00:00,2.649,97.69,cerrogrande,-29.938475,-71.223505
2018-03-23 04:00:00,2.798,147.561,cerrogrande,-29.938475,-71.223505
2018-03-23 05:00:00,2.293,171.583,cerrogrande,-29.938475,-71.223505
2018-03-23 06:00:00,2.79,198.433,cerrogrande,-29.938475,-71.223505
2018-03-23 07:00:00,2.03,190.042,cerrogrande,-29.938475,-71.223505
2018-03-23 08:00:00,1.024,15.743,cerrogrande,-29.938475,-71.223505
2018-03-23 09:00:00,0.938,335.11,cerrogrande,-29.938475,-71.223505
2018-03-23 10:00:00,2.065,296.653,cerrogrande,-29.938475,-71.223505
2018-03-23 11:00:00,5.001,308.034,cerrogrande,-29.938475,-71.223505
2018-03-23 12:00:00,4.899,312.262,cerrogrande,-29.938475,-71.223505
2018-03-23 13:00:00,3.444,325.566,cerrogrande,-29.938475,-71.223505
2018-03-23 14:00:00,4.221,318.678,cerrogrande,-29.938475,-71.223505
2018-03-23 15:00:00,4.73,325.313,cerrogrande,-29.938475,-71.223505
2018-03-23 16:00:00,3.589,330.298,cerrogrande,-29.938475,-71.223505
2018-03-23 17:00:00,2.857,348.917,cerrogrande,-29.938475,-71.223505
2018-03-23 18:00:00,2.353,7.595,cerrogrande,-29.938475,-71.223505
2018-03-23 19:00:00,1.269,285.223,cerrogrande,-29.938475,-71.223505
2018-03-23 20:00:00,1.633,228.225,cerrogrande,-29.938475,-71.223505
2018-03-23 21:00:00,1.495,209.899,cerrogrande,-29.938475,-71.223505
2018-03-23 22:00:00,1.926,152.307,cerrogrande,-29.938475,-71.223505
2018-03-23 23:00:00,1.853,72.735,cerrogrande,-29.938475,-71.223505
2018-03-24 00:00:00,2.011,117.339,cerrogrande,-29.938475,-71.223505
2018-03-24 01:00:00,4.489,93.966,cerrogrande,-29.938475,-71.223505
2018-03-24 02:00:00,4.173,116.245,cerrogrande,-29.938475,-71.223505
2018-03-24 03:00:00,4.419,177.119,cerrogrande,-29.938475,-71.223505
2018-03-24 04:00:00,2.977,222.975,cerrogrande,-29.938475,-71.223505
2018-03-24 05:00:00,2.314,144.765,cerrogrande,-29.938475,-71.223505
2018-03-24 06:00:00,2.392,109.728,cerrogrande,-29.938475,-71.223505
2018-03-24 07:00:00,3.196,106.189,cerrogrande,-29.938475,-71.223505
2018-03-24 08:00:00,2.082,123.432,cerrogrande,-29.938475,-71.223505
2018-03-24 09:00:00,2.754,194.851,cerrogrande,-29.938475,-71.223505
2018-03-24 10:00:00,1.197,306.224,cerrogrande,-29.938475,-71.223505
2018-03-24 11:00:00,1.312,311.726,cerrogrande,-29.938475,-71.223505
2018-03-24 12:00:00,2.613,299.743,cerrogrande,-29.938475,-71.223505
2018-03-24 13:00:00,3.639,319.466,cerrogrande,-29.938475,-71.223505
2018-03-24 14:00:00,3.928,327.836,cerrogrande,-29.938475,-71.223505
2018-03-24 15:00:00,3.505,330.322,cerrogrande,-29.938475,-71.223505
2018-03-24 16:00:00,2.194,312.166,cerrogrande,-29.938475,-71.223505
2018-03-24 17:00:00,2.856,315.112,cerrogrande,-29.938475,-71.223505
2018-03-24 18:00:00,1.72,324.547,cerrogrande,-29.938475,-71.223505
2018-03-24 19:00:00,1.557,207.319,cerrogrande,-29.938475,-71.223505
2018-03-24 20:00:00,1.659,102.141,cerrogrande,-29.938475,-71.223505
2018-03-24 21:00:00,3.256,104.603,cerrogrande,-29.938475,-71.223505
2018-03-24 22:00:00,1.408,113.646,cerrogrande,-29.938475,-71.223505
2018-03-24 23:00:00,2.281,179.318,cerrogrande,-29.938475,-71.223505
2018-03-25 00:00:00,0.844,129.407,cerrogrande,-29.938475,-71.223505
2018-03-25 01:00:00,0.822,84.291,cerrogrande,-29.938475,-71.223505
2018-03-25 02:00:00,1.704,204.147,cerrogrande,-29.938475,-71.223505
2018-03-25 03:00:00,0.787,229.235,cerrogrande,-29.938475,-71.223505
2018-03-25 04:00:00,1.188,112.736,cerrogrande,-29.938475,-71.223505
2018-03-25 05:00:00,2.585,102.087,cerrogrande,-29.938475,-71.223505
2018-03-25 06:00:00,4.487,102.991,cerrogrande,-29.938475,-71.223505
2018-03-25 07:00:00,3.451,117.709,cerrogrande,-29.938475,-71.223505
2018-03-25 08:00:00,2.438,112.6,cerrogrande,-29.938475,-71.223505
2018-03-25 09:00:00,0.961,25.574,cerrogrande,-29.938475,-71.223505
2018-03-25 10:00:00,3.493,256.128,cerrogrande,-29.938475,-71.223505
2018-03-25 11:00:00,3.361,303.166,cerrogrande,-29.938475,-71.223505
2018-03-25 12:00:00,3.893,316.059,cerrogrande,-29.938475,-71.223505
2018-03-25 13:00:00,4.702,303.664,cerrogrande,-29.938475,-71.223505
2018-03-25 14:00:00,3.738,308.073,cerrogrande,-29.938475,-71.223505
2018-03-25 15:00:00,2.842,289.657,cerrogrande,-29.938475,-71.223505
2018-03-25 16:00:00,1.887,275.394,cerrogrande,-29.938475,-71.223505
2018-03-25 17:00:00,2.357,298.285,cerrogrande,-29.938475,-71.223505
2018-03-25 18:00:00,1.219,255.466,cerrogrande,-29.938475,-71.223505
2018-03-25 19:00:00,0.545,179.103,cerrogrande,-29.938475,-71.223505
2018-03-25 20:00:00,0.393,34.465,cerrogrande,-29.938475,-71.223505
2018-03-25 21:00:00,1.107,224.57,cerrogrande,-29.938475,-71.223505
2018-03-25 22:00:00,2.259,191.106,cerrogrande,-29.938475,-71.223505
2018-03-25 23:00:00,1.929,200.964,cerrogrande,-29.938475,-71.223505
2018-03-26 00:00:00,2.382,175.266,cerrogrande,-29.938475,-71.223505
2018-03-26 01:00:00,1.034,157.558,cerrogrande,-29.938475,-71.223505
2018-03-26 02:00:00,2.971,185.097,cerrogrande,-29.938475,-71.223505
2018-03-26 03:00:00,2.418,154.0,cerrogrande,-29.938475,-71.223505
2018-03-26 08:00:00,1.774,220.48,cerrogrande,-29.938475,-71.223505
2018-03-26 09:00:00,0.769,243.208,cerrogrande,-29.938475,-71.223505
2018-03-26 10:00:00,1.707,279.406,cerrogrande,-29.938475,-71.223505
2018-03-26 11:00:00,2.093,305.942,cerrogrande,-29.938475,-71.223505
2018-03-26 12:00:00,2.857,292.934,cerrogrande,-29.938475,-71.223505
2018-03-26 13:00:00,4.572,295.479,cerrogrande,-29.938475,-71.223505
2018-03-26 14:00:00,5.503,298.976,cerrogrande,-29.938475,-71.223505
2018-03-26 15:00:00,4.316,325.248,cerrogrande,-29.938475,-71.223505
2018-03-26 16:00:00,3.1,5.343,cerrogrande,-29.938475,-71.223505
2018-03-26 17:00:00,1.343,335.269,cerrogrande,-29.938475,-71.223505
2018-03-26 18:00:00,0.836,320.092,cerrogrande,-29.938475,-71.223505
2018-03-26 19:00:00,0.735,79.889,cerrogrande,-29.938475,-71.223505
2018-03-26 20:00:00,1.086,127.082,cerrogrande,-29.938475,-71.223505
2018-03-26 21:00:00,1.743,191.298,cerrogrande,-29.938475,-71.223505
2018-03-26 22:00:00,1.54,179.621,cerrogrande,-29.938475,-71.223505
2018-03-26 23:00:00,1.558,140.532,cerrogrande,-29.938475,-71.223505
2018-03-27 00:00:00,1.445,105.749,cerrogrande,-29.938475,-71.223505
2018-03-27 01:00:00,1.251,149.03,cerrogrande,-29.938475,-71.223505
2018-03-27 02:00:00,1.67,222.986,cerrogrande,-29.938475,-71.223505
2018-03-27 03:00:00,1.488,119.057,cerrogrande,-29.938475,-71.223505
2018-03-27 04:00:00,2.782,97.183,cerrogrande,-29.938475,-71.223505
2018-03-27 05:00:00,2.753,98.73,cerrogrande,-29.938475,-71.223505
2018-03-27 06:00:00,1.618,152.796,cerrogrande,-29.938475,-71.223505
2018-03-27 07:00:00,2.078,251.121,cerrogrande,-29.938475,-71.223505
2018-03-27 08:00:00,0.654,4.331,cerrogrande,-29.938475,-71.223505
2018-03-27 09:00:00,2.524,293.735,cerrogrande,-29.938475,-71.223505
2018-03-27 10:00:00,3.332,298.476,cerrogrande,-29.938475,-71.223505
2018-03-27 11:00:00,4.481,243.808,cerrogrande,-29.938475,-71.223505
2018-03-27 12:00:00,5.45,258.171,cerrogrande,-29.938475,-71.223505
2018-03-27 13:00:00,5.653,283.802,cerrogrande,-29.938475,-71.223505
2018-03-27 14:00:00,4.877,284.591,cerrogrande,-29.938475,-71.223505
2018-03-27 15:00:00,6.496,305.044,cerrogrande,-29.938475,-71.223505
2018-03-27 16:00:00,5.346,318.273,cerrogrande,-29.938475,-71.223505
2018-03-27 17:00:00,3.905,322.396,cerrogrande,-29.938475,-71.223505
2018-03-27 18:00:00,2.371,319.976,cerrogrande,-29.938475,-71.223505
2018-03-27 19:00:00,1.326,328.218,cerrogrande,-29.938475,-71.223505
2018-03-27 20:00:00,1.305,354.142,cerrogrande,-29.938475,-71.223505
2018-03-27 21:00:00,2.221,334.003,cerrogrande,-29.938475,-71.223505
2018-03-27 22:00:00,1.957,341.777,cerrogrande,-29.938475,-71.223505
2018-03-27 23:00:00,1.331,328.329,cerrogrande,-29.938475,-71.223505
2018-03-28 00:00:00,0.941,341.798,cerrogrande,-29.938475,-71.223505
2018-03-28 01:00:00,0.981,334.918,cerrogrande,-29.938475,-71.223505
2018-03-28 02:00:00,0.571,358.561,cerrogrande,-29.938475,-71.223505
2018-03-28 03:00:00,0.819,300.313,cerrogrande,-29.938475,-71.223505
2018-03-28 04:00:00,1.018,246.387,cerrogrande,-29.938475,-71.223505
2018-03-28 05:00:00,0.774,183.44,cerrogrande,-29.938475,-71.223505
2018-03-28 06:00:00,0.68,193.202,cerrogrande,-29.938475,-71.223505
2018-03-28 07:00:00,0.311,100.438,cerrogrande,-29.938475,-71.223505
2018-03-28 08:00:00,0.446,72.155,cerrogrande,-29.938475,-71.223505
2018-03-28 09:00:00,0.837,284.243,cerrogrande,-29.938475,-71.223505
2018-03-28 10:00:00,2.142,305.194,cerrogrande,-29.938475,-71.223505
2018-03-28 11:00:00,2.349,302.228,cerrogrande,-29.938475,-71.223505
2018-03-28 12:00:00,2.811,294.761,cerrogrande,-29.938475,-71.223505
2018-03-28 13:00:00,3.309,296.472,cerrogrande,-29.938475,-71.223505
2018-03-28 14:00:00,3.111,305.27,cerrogrande,-29.938475,-71.223505
2018-03-28 15:00:00,3.689,309.661,cerrogrande,-29.938475,-71.223505
2018-03-28 16:00:00,4.529,311.697,cerrogrande,-29.938475,-71.223505
2018-03-28 17:00:00,4.398,309.356,cerrogrande,-29.938475,-71.223505
2018-03-28 18:00:00,4.258,310.196,cerrogrande,-29.938475,-71.223505
2018-03-28 19:00:00,2.257,331.815,cerrogrande,-29.938475,-71.223505
2018-03-28 20:00:00,1.629,9.418,cerrogrande,-29.938475,-71.223505
2018-03-28 21:00:00,2.105,14.171,cerrogrande,-29.938475,-71.223505
2018-03-28 22:00:00,1.778,18.416,cerrogrande,-29.938475,-71.223505
2018-03-28 23:00:00,2.124,19.895,cerrogrande,-29.938475,-71.223505
2018-03-29 00:00:00,2.359,84.508,cerrogrande,-29.938475,-71.223505
2018-03-29 01:00:00,2.751,106.773,cerrogrande,-29.938475,-71.223505
2018-03-29 02:00:00,2.415,109.724,cerrogrande,-29.938475,-71.223505
2018-03-29 03:00:00,1.899,109.614,cerrogrande,-29.938475,-71.223505
2018-03-29 04:00:00,2.586,183.733,cerrogrande,-29.938475,-71.223505
2018-03-29 05:00:00,2.125,182.586,cerrogrande,-29.938475,-71.223505
2018-03-29 06:00:00,1.502,139.02,cerrogrande,-29.938475,-71.223505
2018-03-29 07:00:00,2.139,125.327,cerrogrande,-29.938475,-71.223505
2018-03-29 08:00:00,1.395,170.917,cerrogrande,-29.938475,-71.223505
2018-03-29 09:00:00,0.832,130.599,cerrogrande,-29.938475,-71.223505
2018-03-29 10:00:00,1.308,265.449,cerrogrande,-29.938475,-71.223505
2018-03-29 11:00:00,2.185,304.392,cerrogrande,-29.938475,-71.223505
2018-03-29 12:00:00,3.499,311.802,cerrogrande,-29.938475,-71.223505
2018-03-29 13:00:00,3.44,308.515,cerrogrande,-29.938475,-71.223505
2018-03-29 14:00:00,2.49,303.152,cerrogrande,-29.938475,-71.223505
2018-03-29 15:00:00,3.459,302.757,cerrogrande,-29.938475,-71.223505
2018-03-29 16:00:00,2.907,301.507,cerrogrande,-29.938475,-71.223505
2018-03-29 17:00:00,1.771,306.045,cerrogrande,-29.938475,-71.223505
2018-03-29 18:00:00,0.74,330.083,cerrogrande,-29.938475,-71.223505
2018-03-29 19:00:00,0.678,54.72,cerrogrande,-29.938475,-71.223505
2018-03-29 20:00:00,1.842,87.44,cerrogrande,-29.938475,-71.223505
2018-03-29 21:00:00,1.331,116.489,cerrogrande,-29.938475,-71.223505
2018-03-29 22:00:00,0.88,125.404,cerrogrande,-29.938475,-71.223505
2018-03-29 23:00:00,0.332,133.595,cerrogrande,-29.938475,-71.223505
2018-03-30 00:00:00,0.322,96.266,cerrogrande,-29.938475,-71.223505
2018-03-30 01:00:00,0.477,314.439,cerrogrande,-29.938475,-71.223505
2018-03-30 02:00:00,0.391,113.944,cerrogrande,-29.938475,-71.223505
2018-03-30 03:00:00,1.549,116.46,cerrogrande,-29.938475,-71.223505
2018-03-30 04:00:00,1.582,124.74,cerrogrande,-29.938475,-71.223505
2018-03-30 05:00:00,1.061,125.962,cerrogrande,-29.938475,-71.223505
2018-03-30 06:00:00,1.127,134.102,cerrogrande,-29.938475,-71.223505
2018-03-30 07:00:00,1.514,198.962,cerrogrande,-29.938475,-71.223505
2018-03-30 08:00:00,1.206,222.407,cerrogrande,-29.938475,-71.223505
2018-03-30 09:00:00,0.476,210.478,cerrogrande,-29.938475,-71.223505
2018-03-30 10:00:00,1.96,288.242,cerrogrande,-29.938475,-71.223505
2018-03-30 11:00:00,2.217,317.315,cerrogrande,-29.938475,-71.223505
2018-03-30 12:00:00,2.093,326.666,cerrogrande,-29.938475,-71.223505
2018-03-30 13:00:00,4.261,310.326,cerrogrande,-29.938475,-71.223505
2018-03-30 14:00:00,5.581,296.58,cerrogrande,-29.938475,-71.223505
2018-03-30 15:00:00,6.016,312.495,cerrogrande,-29.938475,-71.223505
2018-03-30 16:00:00,5.742,313.823,cerrogrande,-29.938475,-71.223505
2018-03-30 17:00:00,3.99,317.684,cerrogrande,-29.938475,-71.223505
2018-03-30 18:00:00,2.483,321.741,cerrogrande,-29.938475,-71.223505
2018-03-30 19:00:00,1.597,292.369,cerrogrande,-29.938475,-71.223505
2018-03-30 20:00:00,1.136,275.453,cerrogrande,-29.938475,-71.223505
2018-03-30 21:00:00,1.776,246.073,cerrogrande,-29.938475,-71.223505
2018-03-30 22:00:00,1.933,240.985,cerrogrande,-29.938475,-71.223505
2018-03-30 23:00:00,0.889,240.703,cerrogrande,-29.938475,-71.223505
2018-03-31 00:00:00,1.171,237.452,cerrogrande,-29.938475,-71.223505
2018-03-31 01:00:00,0.632,188.144,cerrogrande,-29.938475,-71.223505
2018-03-31 02:00:00,0.97,155.914,cerrogrande,-29.938475,-71.223505
2018-03-31 03:00:00,0.492,243.467,cerrogrande,-29.938475,-71.223505
2018-03-31 04:00:00,0.68,225.618,cerrogrande,-29.938475,-71.223505
2018-03-31 05:00:00,0.777,165.4,cerrogrande,-29.938475,-71.223505
2018-03-31 06:00:00,0.528,96.712,cerrogrande,-29.938475,-71.223505
2018-03-31 07:00:00,0.411,91.203,cerrogrande,-29.938475,-71.223505
2018-03-31 08:00:00,0.653,313.359,cerrogrande,-29.938475,-71.223505
2018-03-31 09:00:00,1.432,290.13,cerrogrande,-29.938475,-71.223505
2018-03-31 10:00:00,2.396,280.397,cerrogrande,-29.938475,-71.223505
2018-03-31 11:00:00,2.333,286.314,cerrogrande,-29.938475,-71.223505
2018-03-31 12:00:00,3.059,303.105,cerrogrande,-29.938475,-71.223505
2018-03-31 13:00:00,3.328,286.972,cerrogrande,-29.938475,-71.223505
2018-03-31 14:00:00,3.48,293.372,cerrogrande,-29.938475,-71.223505
2018-03-31 15:00:00,3.622,302.857,cerrogrande,-29.938475,-71.223505
2018-03-31 16:00:00,3.568,308.29,cerrogrande,-29.938475,-71.223505
2018-03-31 17:00:00,3.169,308.876,cerrogrande,-29.938475,-71.223505
2018-03-31 18:00:00,1.961,320.623,cerrogrande,-29.938475,-71.223505
2018-03-31 19:00:00,2.223,320.131,cerrogrande,-29.938475,-71.223505
2018-03-31 20:00:00,1.369,343.929,cerrogrande,-29.938475,-71.223505
2018-03-31 21:00:00,1.112,33.553,cerrogrande,-29.938475,-71.223505
2018-03-31 22:00:00,0.839,27.19,cerrogrande,-29.938475,-71.223505
2018-03-31 23:00:00,0.963,0.322,cerrogrande,-29.938475,-71.223505
